"Period","Sex","Age","Population","Colorectal (C18)","Lung (C33-34)"
"2011","Male","0","45277","0","0"
"2011","Male","1","47612.5","0","0"
"2011","Male","2","50122.5","0","0"
"2011","Male","3","50600.5","0","0"
"2011","Male","4","50785.5","0","0"
"2011","Male","5","50927.5","0","0"
"2011","Male","6","49762.5","0","0"
"2011","Male","7","48925.5","0","0"
"2011","Male","8","49248","0","0"
"2011","Male","9","49802.5","0","0"
"2011","Male","10","50080.5","0","0"
"2011","Male","11","49241.5","0","0"
"2011","Male","12","48784.5","0","0"
"2011","Male","13","50115","0","0"
"2011","Male","14","52405.5","0","0"
"2011","Male","15","55447.5","0","0"
"2011","Male","16","57623.5","0","0"
"2011","Male","17","58739.5","0","0"
"2011","Male","18","60703","0","0"
"2011","Male","19","63705","0","0"
"2011","Male","20","65401.5","0",NA
"2011","Male","21","65110.5","0",NA
"2011","Male","22","64942.5","0",NA
"2011","Male","23","65471.5","1",NA
"2011","Male","24","66708.5","0",NA
"2011","Male","25","68793","0","0"
"2011","Male","26","68260","0","1"
"2011","Male","27","66999.5","1","0"
"2011","Male","28","68974","1","0"
"2011","Male","29","72788.5","1","0"
"2011","Male","30","76515","0","0"
"2011","Male","31","80040","0","0"
"2011","Male","32","83006.5","0","1"
"2011","Male","33","85174.5","0","0"
"2011","Male","34","88037","1","0"
"2011","Male","35","91283","2","3"
"2011","Male","36","90568","1","3"
"2011","Male","37","81269","3","1"
"2011","Male","38","73980","0","4"
"2011","Male","39","72763.5","1","1"
"2011","Male","40","72838.5","5","11"
"2011","Male","41","73344","2","11"
"2011","Male","42","72704","1","14"
"2011","Male","43","70909","1","9"
"2011","Male","44","66022","6","4"
"2011","Male","45","61676.5","7","44"
"2011","Male","46","59686.5","5","27"
"2011","Male","47","58347.5","5","23"
"2011","Male","48","56783","5","31"
"2011","Male","49","57135.5","5","28"
"2011","Male","50","59952.5","11","96"
"2011","Male","51","60443","23","95"
"2011","Male","52","60801","13","85"
"2011","Male","53","62697","11","99"
"2011","Male","54","67136","11","100"
"2011","Male","55","73026.5","30","195"
"2011","Male","56","76333.5","23","194"
"2011","Male","57","73549","30","178"
"2011","Male","58","65303","33","197"
"2011","Male","59","60620","31","199"
"2011","Male","60","61114","45","209"
"2011","Male","61","59688.5","47","197"
"2011","Male","62","56160","52","202"
"2011","Male","63","53499","39","247"
"2011","Male","64","48338","32","208"
"2011","Male","65","43563","50","196"
"2011","Male","66","44697.5","39","158"
"2011","Male","67","44557.5","51","176"
"2011","Male","68","42065","62","196"
"2011","Male","69","39630","61","189"
"2011","Male","70","37320.5","55","154"
"2011","Male","71","34775","66","164"
"2011","Male","72","31440","59","158"
"2011","Male","73","29227.5","60","151"
"2011","Male","74","26928","55","163"
"2011","Male","75","25650.5","57","106"
"2011","Male","76","24773.5","57","117"
"2011","Male","77","23533","60","130"
"2011","Male","78","22200.5","60","124"
"2011","Male","79","20364.5","68","142"
"2011","Male","80","19082.5","44","76"
"2011","Male","81","17302.5","56","78"
"2011","Male","82","14862","48","58"
"2011","Male","83","12754.5","58","74"
"2011","Male","84","10915","58","73"
"2011","Male","85","9570","23","28"
"2011","Male","86","7919.5","27","20"
"2011","Male","87","6601.5","24","24"
"2011","Male","88","5758","30","23"
"2011","Male","89","4802.5","33","27"
"2011","Male","90","13415.5","37","34"
"2011","Female","0","42869.5","0","0"
"2011","Female","1","45214","0","0"
"2011","Female","2","47612","0","0"
"2011","Female","3","48156","0","0"
"2011","Female","4","48473.5","0","0"
"2011","Female","5","48267","0","0"
"2011","Female","6","46979.5","0","0"
"2011","Female","7","46242","0","0"
"2011","Female","8","46516.5","0","0"
"2011","Female","9","47064","0","0"
"2011","Female","10","47641.5","0","0"
"2011","Female","11","47148","0","0"
"2011","Female","12","46629","0","0"
"2011","Female","13","47580","0","0"
"2011","Female","14","49442.5","0","0"
"2011","Female","15","52608.5","0","0"
"2011","Female","16","54876","0","0"
"2011","Female","17","56149.5","0","0"
"2011","Female","18","58023","0","0"
"2011","Female","19","60735.5","0","0"
"2011","Female","20","62597.5","0","0"
"2011","Female","21","62229","0","0"
"2011","Female","22","61848","0","0"
"2011","Female","23","62396","0","0"
"2011","Female","24","64171","0","0"
"2011","Female","25","66617","1","0"
"2011","Female","26","66211.5","0","0"
"2011","Female","27","65144","0","1"
"2011","Female","28","66239.5","0","0"
"2011","Female","29","69207","0","0"
"2011","Female","30","72911.5","1","0"
"2011","Female","31","76048","1","1"
"2011","Female","32","78914.5","0","0"
"2011","Female","33","81895","0","0"
"2011","Female","34","84653","2","2"
"2011","Female","35","87609.5","0","3"
"2011","Female","36","87442","1","1"
"2011","Female","37","78776.5","1","6"
"2011","Female","38","71739.5","2","2"
"2011","Female","39","70577.5","4","1"
"2011","Female","40","70726.5","5","4"
"2011","Female","41","71362.5","2","11"
"2011","Female","42","71397","2","5"
"2011","Female","43","70321","2","5"
"2011","Female","44","65699.5","3","10"
"2011","Female","45","61679.5","5","20"
"2011","Female","46","60314.5","3","15"
"2011","Female","47","59815.5","6","29"
"2011","Female","48","59155","1","20"
"2011","Female","49","60292.5","5","24"
"2011","Female","50","63875.5","10","42"
"2011","Female","51","65499","11","47"
"2011","Female","52","66864","13","61"
"2011","Female","53","69475.5","13","51"
"2011","Female","54","75403.5","8","60"
"2011","Female","55","82946.5","21","91"
"2011","Female","56","87164.5","14","72"
"2011","Female","57","85070.5","24","87"
"2011","Female","58","77341.5","25","99"
"2011","Female","59","73636.5","25","92"
"2011","Female","60","74523.5","23","83"
"2011","Female","61","73059.5","29","98"
"2011","Female","62","70298.5","18","90"
"2011","Female","63","68079","27","102"
"2011","Female","64","62334","19","103"
"2011","Female","65","57708","36","97"
"2011","Female","66","60946","36","91"
"2011","Female","67","61699.5","26","101"
"2011","Female","68","59719","29","89"
"2011","Female","69","57932.5","29","99"
"2011","Female","70","56192.5","41","85"
"2011","Female","71","54493","38","74"
"2011","Female","72","51580","44","81"
"2011","Female","73","50031.5","46","83"
"2011","Female","74","47976.5","36","88"
"2011","Female","75","46431.5","63","55"
"2011","Female","76","44851.5","56","69"
"2011","Female","77","43512.5","40","62"
"2011","Female","78","42375.5","50","59"
"2011","Female","79","39894","42","75"
"2011","Female","80","38274.5","58","41"
"2011","Female","81","35668","63","57"
"2011","Female","82","32268.5","51","51"
"2011","Female","83","29115","60","52"
"2011","Female","84","26184","54","50"
"2011","Female","85","24051.5","55","31"
"2011","Female","86","20265","33","26"
"2011","Female","87","17186","36","29"
"2011","Female","88","15514","36","20"
"2011","Female","89","12955","45","21"
"2011","Female","90","35299","81","50"
"2012","Male","0","45542","0","0"
"2012","Male","1","45577.5","0","0"
"2012","Male","2","47801","0","0"
"2012","Male","3","50271","0","0"
"2012","Male","4","50395","0","0"
"2012","Male","5","50839.5","0","0"
"2012","Male","6","51122","0","0"
"2012","Male","7","49473","0","0"
"2012","Male","8","48322.5","0","0"
"2012","Male","9","48769.5","0","0"
"2012","Male","10","49575.5","0","0"
"2012","Male","11","49931","0","0"
"2012","Male","12","49336.5","0","0"
"2012","Male","13","49143","0","0"
"2012","Male","14","51012.5","0","0"
"2012","Male","15","54207","1","0"
"2012","Male","16","57762.5","0","1"
"2012","Male","17","60062.5","0","0"
"2012","Male","18","61247.5","0","0"
"2012","Male","19","62976","0","0"
"2012","Male","20","65356","0","0"
"2012","Male","21","65869.5","0","0"
"2012","Male","22","64590","0","1"
"2012","Male","23","63549","1","0"
"2012","Male","24","63164","0","0"
"2012","Male","25","63121","1","1"
"2012","Male","26","63457.5","0","0"
"2012","Male","27","62098.5","0","0"
"2012","Male","28","60760.5","0","0"
"2012","Male","29","63026.5","0","2"
"2012","Male","30","66783.5","0","1"
"2012","Male","31","70240","0","1"
"2012","Male","32","74515.5","0","1"
"2012","Male","33","78850.5","1","1"
"2012","Male","34","82683.5","0","0"
"2012","Male","35","86743","1","3"
"2012","Male","36","90631","3","0"
"2012","Male","37","90263","4","5"
"2012","Male","38","81260","2","7"
"2012","Male","39","73813","1","1"
"2012","Male","40","72635","5","13"
"2012","Male","41","72469","4","7"
"2012","Male","42","73173","2","11"
"2012","Male","43","73118","3","8"
"2012","Male","44","71209.5","4","10"
"2012","Male","45","66442.5","7","37"
"2012","Male","46","62035.5","3","26"
"2012","Male","47","60164.5","6","28"
"2012","Male","48","59013","6","28"
"2012","Male","49","57393","3","39"
"2012","Male","50","57833","8","72"
"2012","Male","51","60446","11","94"
"2012","Male","52","61276.5","12","94"
"2012","Male","53","62189.5","12","84"
"2012","Male","54","64093","12","81"
"2012","Male","55","68534.5","25","187"
"2012","Male","56","74542","38","210"
"2012","Male","57","78078","36","192"
"2012","Male","58","75053","38","179"
"2012","Male","59","66660","27","192"
"2012","Male","60","61994","47","211"
"2012","Male","61","61921.5","41","230"
"2012","Male","62","60316","47","193"
"2012","Male","63","57132","40","248"
"2012","Male","64","54224","35","239"
"2012","Male","65","48876","57","201"
"2012","Male","66","43882.5","57","196"
"2012","Male","67","44872.5","47","219"
"2012","Male","68","44658.5","70","211"
"2012","Male","69","41781","48","200"
"2012","Male","70","39196.5","48","173"
"2012","Male","71","36360","48","160"
"2012","Male","72","33530","61","173"
"2012","Male","73","30335","53","160"
"2012","Male","74","27963.5","62","173"
"2012","Male","75","25484.5","56","107"
"2012","Male","76","24015","49","123"
"2012","Male","77","23110","49","139"
"2012","Male","78","21809","49","112"
"2012","Male","79","20204","47","125"
"2012","Male","80","18291.5","42","77"
"2012","Male","81","16835","42","69"
"2012","Male","82","15173.5","48","73"
"2012","Male","83","12901","47","75"
"2012","Male","84","10743.5","45","89"
"2012","Male","85","9117.5","28","18"
"2012","Male","86","7822","32","32"
"2012","Male","87","6337.5","25","28"
"2012","Male","88","5242.5","26","36"
"2012","Male","89","4362","18","31"
"2012","Male","90","11317","65","24"
"2012","Female","0","42804","0","0"
"2012","Female","1","43341.5","0","0"
"2012","Female","2","45552","0","0"
"2012","Female","3","47844","0","0"
"2012","Female","4","48055","0","0"
"2012","Female","5","48396.5","0","0"
"2012","Female","6","48334","0","0"
"2012","Female","7","46584.5","0","0"
"2012","Female","8","45787.5","0","0"
"2012","Female","9","46309","0","0"
"2012","Female","10","46940.5","0","0"
"2012","Female","11","47141","0","0"
"2012","Female","12","46591","0","0"
"2012","Female","13","46633.5","0","0"
"2012","Female","14","48152","0","0"
"2012","Female","15","51030.5","0","0"
"2012","Female","16","54832","0","0"
"2012","Female","17","57240","0","0"
"2012","Female","18","58573.5","0","0"
"2012","Female","19","59802","0","0"
"2012","Female","20","61693","0",NA
"2012","Female","21","62588.5","0",NA
"2012","Female","22","61248","0",NA
"2012","Female","23","59901","1",NA
"2012","Female","24","59547.5","0",NA
"2012","Female","25","59897.5",NA,"0"
"2012","Female","26","60503",NA,"0"
"2012","Female","27","59666.5",NA,"0"
"2012","Female","28","59139",NA,"2"
"2012","Female","29","60985",NA,"1"
"2012","Female","30","64884.5","1","0"
"2012","Female","31","69025.5","0","1"
"2012","Female","32","73040","0","0"
"2012","Female","33","77043","0","0"
"2012","Female","34","80606.5","0","0"
"2012","Female","35","84228.5","1","1"
"2012","Female","36","87816","5","0"
"2012","Female","37","87878","0","0"
"2012","Female","38","79344.5","3","2"
"2012","Female","39","72207","0","1"
"2012","Female","40","71163","7","10"
"2012","Female","41","71167","7","4"
"2012","Female","42","71820.5","0","5"
"2012","Female","43","72348.5","6","5"
"2012","Female","44","71209.5","3","6"
"2012","Female","45","66563","7","17"
"2012","Female","46","62342","2","19"
"2012","Female","47","60909.5","4","23"
"2012","Female","48","60340.5","1","19"
"2012","Female","49","59451","3","23"
"2012","Female","50","60753","10","55"
"2012","Female","51","64212.5","10","43"
"2012","Female","52","66107","13","59"
"2012","Female","53","67893","12","33"
"2012","Female","54","70468.5","14","39"
"2012","Female","55","76364","22","90"
"2012","Female","56","84006","24","98"
"2012","Female","57","88589","26","96"
"2012","Female","58","86370.5","16","102"
"2012","Female","59","78379.5","22","90"
"2012","Female","60","74744","28","107"
"2012","Female","61","75377.5","21","116"
"2012","Female","62","73663","21","107"
"2012","Female","63","71192.5","29","104"
"2012","Female","64","68857.5","31","101"
"2012","Female","65","62860.5","35","98"
"2012","Female","66","57829.5","31","120"
"2012","Female","67","60751.5","36","95"
"2012","Female","68","61407.5","35","102"
"2012","Female","69","59080","34","100"
"2012","Female","70","57141.5","44","73"
"2012","Female","71","55090.5","47","91"
"2012","Female","72","53148","35","86"
"2012","Female","73","50342","43","104"
"2012","Female","74","48568.5","29","76"
"2012","Female","75","46329.5","56","68"
"2012","Female","76","44506.5","50","58"
"2012","Female","77","42802.5","51","69"
"2012","Female","78","41223.5","64","61"
"2012","Female","79","39748.5","55","74"
"2012","Female","80","37331","50","60"
"2012","Female","81","35310","48","50"
"2012","Female","82","32598.5","53","74"
"2012","Female","83","29148","54","47"
"2012","Female","84","25998.5","67","54"
"2012","Female","85","23238.5","57","28"
"2012","Female","86","21048.5","33","28"
"2012","Female","87","17415","44","37"
"2012","Female","88","14454.5","44","25"
"2012","Female","89","12765","41","31"
"2012","Female","90","34436","84","44"
"2013","Male","0","45949.5","0","0"
"2013","Male","1","46054","0","0"
"2013","Male","2","45615","0","0"
"2013","Male","3","47872","0","0"
"2013","Male","4","50313.5","0","0"
"2013","Male","5","50465","0","0"
"2013","Male","6","50925","0","0"
"2013","Male","7","51221","0","0"
"2013","Male","8","49550","0","0"
"2013","Male","9","48399","0","0"
"2013","Male","10","48857","0","0"
"2013","Male","11","49618","0","0"
"2013","Male","12","50000","0","0"
"2013","Male","13","49389","0","0"
"2013","Male","14","49216","0","0"
"2013","Male","15","51123",NA,"0"
"2013","Male","16","54305",NA,"0"
"2013","Male","17","57887",NA,"0"
"2013","Male","18","60314.5",NA,"1"
"2013","Male","19","61613.5",NA,"0"
"2013","Male","20","63264",NA,"1"
"2013","Male","21","65538",NA,"0"
"2013","Male","22","66011",NA,"0"
"2013","Male","23","64626.5",NA,"0"
"2013","Male","24","63570",NA,"0"
"2013","Male","25","63084.5","1",NA
"2013","Male","26","62992.5","1",NA
"2013","Male","27","63314.5","1",NA
"2013","Male","28","61909","3",NA
"2013","Male","29","60653.5","1",NA
"2013","Male","30","62906.5","1","0"
"2013","Male","31","66646","3","0"
"2013","Male","32","70182.5","0","2"
"2013","Male","33","74439","0","1"
"2013","Male","34","78747.5","1","0"
"2013","Male","35","82633","3","4"
"2013","Male","36","86725","0","0"
"2013","Male","37","90491.5","2","3"
"2013","Male","38","90209","4","4"
"2013","Male","39","81155.5","1","3"
"2013","Male","40","73748","3","8"
"2013","Male","41","72580.5","3","7"
"2013","Male","42","72400.5","2","7"
"2013","Male","43","73053","5","6"
"2013","Male","44","72973","7","10"
"2013","Male","45","70986","9","23"
"2013","Male","46","66227.5","7","30"
"2013","Male","47","61781","9","27"
"2013","Male","48","59838.5","5","27"
"2013","Male","49","58709.5","5","32"
"2013","Male","50","56964","15","77"
"2013","Male","51","57385","15","90"
"2013","Male","52","59847","15","77"
"2013","Male","53","60636.5","13","76"
"2013","Male","54","61453.5","10","74"
"2013","Male","55","63239","41","186"
"2013","Male","56","67537","29","159"
"2013","Male","57","73350.5","34","171"
"2013","Male","58","76750.5","39","188"
"2013","Male","59","73693","29","156"
"2013","Male","60","65379.5","44","227"
"2013","Male","61","60709.5","53","246"
"2013","Male","62","60589","38","227"
"2013","Male","63","58801","47","207"
"2013","Male","64","55674.5","47","211"
"2013","Male","65","52802","56","188"
"2013","Male","66","47508","50","195"
"2013","Male","67","42527","51","203"
"2013","Male","68","43420","45","179"
"2013","Male","69","43127","42","194"
"2013","Male","70","40232","66","152"
"2013","Male","71","37638.5","56","158"
"2013","Male","72","34821","61","157"
"2013","Male","73","31898","54","163"
"2013","Male","74","28823","60","153"
"2013","Male","75","26418.5","60","111"
"2013","Male","76","23913","63","127"
"2013","Male","77","22454","52","113"
"2013","Male","78","21439","57","125"
"2013","Male","79","20117","70","116"
"2013","Male","80","18499.5","39","79"
"2013","Male","81","16585","62","69"
"2013","Male","82","15168.5","59","67"
"2013","Male","83","13490","48","82"
"2013","Male","84","11298.5","39","64"
"2013","Male","85","9297","25","20"
"2013","Male","86","7801","37","29"
"2013","Male","87","6599.5","26","19"
"2013","Male","88","5255","25","25"
"2013","Male","89","4277.5","24","29"
"2013","Male","90","12169.5","45","32"
"2013","Female","0","43228.5","0","0"
"2013","Female","1","43276","0","0"
"2013","Female","2","43423.5","0","0"
"2013","Female","3","45608","0","0"
"2013","Female","4","47904.5","0","0"
"2013","Female","5","48104","0","0"
"2013","Female","6","48493.5","0","0"
"2013","Female","7","48412.5","0","0"
"2013","Female","8","46664","0","0"
"2013","Female","9","45864.5","0","0"
"2013","Female","10","46374.5","0","0"
"2013","Female","11","46997.5","0","0"
"2013","Female","12","47209.5","0","0"
"2013","Female","13","46631","0","0"
"2013","Female","14","46705","0","0"
"2013","Female","15","48258","0",NA
"2013","Female","16","51132.5","0",NA
"2013","Female","17","54953.5","0",NA
"2013","Female","18","57461.5","1",NA
"2013","Female","19","58828.5","0",NA
"2013","Female","20","60025","0",NA
"2013","Female","21","61878","0",NA
"2013","Female","22","62672","1",NA
"2013","Female","23","61239.5","0",NA
"2013","Female","24","59885.5","0",NA
"2013","Female","25","59429","0","0"
"2013","Female","26","59752.5","0","0"
"2013","Female","27","60321","1","0"
"2013","Female","28","59492","0","0"
"2013","Female","29","59015.5","0","1"
"2013","Female","30","60900.5","1","1"
"2013","Female","31","64897.5","1","0"
"2013","Female","32","69004.5","2","0"
"2013","Female","33","73037","0","2"
"2013","Female","34","77063","1","0"
"2013","Female","35","80670","1","0"
"2013","Female","36","84198","3","3"
"2013","Female","37","87845","2","1"
"2013","Female","38","87877","4","2"
"2013","Female","39","79381.5","1","1"
"2013","Female","40","72243","2","7"
"2013","Female","41","71179","2","10"
"2013","Female","42","71170.5","1","2"
"2013","Female","43","71815","1","6"
"2013","Female","44","72302","2","7"
"2013","Female","45","71106.5","3","24"
"2013","Female","46","66480.5","3","22"
"2013","Female","47","62226","4","22"
"2013","Female","48","60786.5","3","12"
"2013","Female","49","60206.5","4","18"
"2013","Female","50","59268","7","50"
"2013","Female","51","60575.5","3","40"
"2013","Female","52","63966","8","43"
"2013","Female","53","65815","9","46"
"2013","Female","54","67599.5","9","45"
"2013","Female","55","70135","17","86"
"2013","Female","56","75895.5","22","95"
"2013","Female","57","83552","14","104"
"2013","Female","58","88015.5","16","99"
"2013","Female","59","85765.5","25","101"
"2013","Female","60","77758","31","107"
"2013","Female","61","74148","19","112"
"2013","Female","62","74733","23","123"
"2013","Female","63","72916.5","27","102"
"2013","Female","64","70472.5","26","113"
"2013","Female","65","68051.5","39","101"
"2013","Female","66","62080.5","30","90"
"2013","Female","67","57091.5","33","93"
"2013","Female","68","59794.5","41","86"
"2013","Female","69","60369.5","22","109"
"2013","Female","70","58019","50","90"
"2013","Female","71","56004.5","42","94"
"2013","Female","72","53857","44","80"
"2013","Female","73","51856","40","93"
"2013","Female","74","48956","42","84"
"2013","Female","75","47118.5","54","70"
"2013","Female","76","44761.5","64","66"
"2013","Female","77","42800.5","56","67"
"2013","Female","78","40908","51","83"
"2013","Female","79","39138","60","66"
"2013","Female","80","37534","59","47"
"2013","Female","81","34919.5","57","72"
"2013","Female","82","32764.5","47","53"
"2013","Female","83","29906","57","60"
"2013","Female","84","26436.5","45","52"
"2013","Female","85","23264.5","52","27"
"2013","Female","86","20534","46","22"
"2013","Female","87","18378.5","46","26"
"2013","Female","88","14899","31","37"
"2013","Female","89","12254.5","38","36"
"2013","Female","90","37466.5","93","62"
"2014","Male","0","46750","0","0"
"2014","Male","1","46468.5","0","0"
"2014","Male","2","46117.5","0","0"
"2014","Male","3","45703.5","0","0"
"2014","Male","4","47958","0","0"
"2014","Male","5","50395","0","0"
"2014","Male","6","50531.5","0","0"
"2014","Male","7","51012.5","0","0"
"2014","Male","8","51303.5","0","0"
"2014","Male","9","49619.5","0","0"
"2014","Male","10","48467","0","0"
"2014","Male","11","48926","0","0"
"2014","Male","12","49695.5","0","0"
"2014","Male","13","50043.5","0","0"
"2014","Male","14","49488.5","0","0"
"2014","Male","15","49337","0","0"
"2014","Male","16","51212","0","0"
"2014","Male","17","54470.5","0","0"
"2014","Male","18","58222.5","0","0"
"2014","Male","19","60689.5","0","0"
"2014","Male","20","61868.5","0","0"
"2014","Male","21","63446","0","0"
"2014","Male","22","65619","0","0"
"2014","Male","23","66084.5","0","0"
"2014","Male","24","64646","0","0"
"2014","Male","25","63475",NA,"0"
"2014","Male","26","62984",NA,"0"
"2014","Male","27","62800",NA,"0"
"2014","Male","28","63099.5",NA,"1"
"2014","Male","29","61738",NA,"0"
"2014","Male","30","60511","0","1"
"2014","Male","31","62758.5","0","0"
"2014","Male","32","66465.5","0","1"
"2014","Male","33","70040.5","0","1"
"2014","Male","34","74261.5","1","1"
"2014","Male","35","78675.5","5","3"
"2014","Male","36","82517.5","2","2"
"2014","Male","37","86610.5","0","2"
"2014","Male","38","90370","2","5"
"2014","Male","39","90078","0","3"
"2014","Male","40","81028","2","14"
"2014","Male","41","73658.5","4","9"
"2014","Male","42","72493.5","3","12"
"2014","Male","43","72329.5","1","7"
"2014","Male","44","72913.5","5","7"
"2014","Male","45","72812.5","3","25"
"2014","Male","46","70790.5","6","23"
"2014","Male","47","65946.5","4","29"
"2014","Male","48","61489.5","8","18"
"2014","Male","49","59507","8","27"
"2014","Male","50","58329","8","70"
"2014","Male","51","56567","15","77"
"2014","Male","52","56810","14","65"
"2014","Male","53","59233.5","16","80"
"2014","Male","54","59917.5","10","46"
"2014","Male","55","60589.5","31","138"
"2014","Male","56","62366.5","25","140"
"2014","Male","57","66434.5","32","193"
"2014","Male","58","72145.5","38","177"
"2014","Male","59","75393","29","149"
"2014","Male","60","72265.5","48","197"
"2014","Male","61","64066.5","54","213"
"2014","Male","62","59411","39","219"
"2014","Male","63","59123.5","51","217"
"2014","Male","64","57308.5","52","231"
"2014","Male","65","54184.5","55","206"
"2014","Male","66","51270.5","42","214"
"2014","Male","67","46129.5","57","193"
"2014","Male","68","41222","60","213"
"2014","Male","69","41922","47","201"
"2014","Male","70","41554.5","59","165"
"2014","Male","71","38619.5","62","186"
"2014","Male","72","36051","59","167"
"2014","Male","73","33187","57","181"
"2014","Male","74","30287.5","57","164"
"2014","Male","75","27281.5","50","135"
"2014","Male","76","24888","60","98"
"2014","Male","77","22377","45","111"
"2014","Male","78","20853.5","47","139"
"2014","Male","79","19796.5","50","98"
"2014","Male","80","18432","49","86"
"2014","Male","81","16825","50","84"
"2014","Male","82","14938.5","45","71"
"2014","Male","83","13514.5","50","79"
"2014","Male","84","11868","57","79"
"2014","Male","85","9794","28","22"
"2014","Male","86","7965.5","29","23"
"2014","Male","87","6600","25","24"
"2014","Male","88","5466.5","22","28"
"2014","Male","89","4319","22","42"
"2014","Male","90","12847","53","43"
"2014","Female","0","44349.5","0","0"
"2014","Female","1","43733.5","0","0"
"2014","Female","2","43393","0","0"
"2014","Female","3","43507","0","0"
"2014","Female","4","45703","0","0"
"2014","Female","5","47980","0","0"
"2014","Female","6","48178","0","0"
"2014","Female","7","48586","0","0"
"2014","Female","8","48478","0","0"
"2014","Female","9","46730.5","0","0"
"2014","Female","10","45914.5","0","0"
"2014","Female","11","46437.5","0","0"
"2014","Female","12","47065","0","0"
"2014","Female","13","47256","0","0"
"2014","Female","14","46709.5","0","0"
"2014","Female","15","46831","0","0"
"2014","Female","16","48377","0","0"
"2014","Female","17","51300.5","0","0"
"2014","Female","18","55199","0","0"
"2014","Female","19","57767","0","0"
"2014","Female","20","59087","0","0"
"2014","Female","21","60157","0","0"
"2014","Female","22","61911","0","0"
"2014","Female","23","62582.5","0","0"
"2014","Female","24","61131","0","0"
"2014","Female","25","59643.5","0","0"
"2014","Female","26","59157.5","1","0"
"2014","Female","27","59450.5","1","0"
"2014","Female","28","60088","0","1"
"2014","Female","29","59278","1","0"
"2014","Female","30","58888.5","2","0"
"2014","Female","31","60834.5","0","1"
"2014","Female","32","64793","0","0"
"2014","Female","33","68952.5","2","0"
"2014","Female","34","72969","1","0"
"2014","Female","35","77046","2","2"
"2014","Female","36","80614.5","2","2"
"2014","Female","37","84193.5","5","1"
"2014","Female","38","87761","1","2"
"2014","Female","39","87861.5","2","2"
"2014","Female","40","79371.5","1","9"
"2014","Female","41","72216.5","6","4"
"2014","Female","42","71135.5","3","7"
"2014","Female","43","71119.5","2","8"
"2014","Female","44","71757.5","2","6"
"2014","Female","45","72197","5","24"
"2014","Female","46","71014","5","26"
"2014","Female","47","66301","2","23"
"2014","Female","48","62075.5","7","17"
"2014","Female","49","60615.5","5","17"
"2014","Female","50","60023.5","9","40"
"2014","Female","51","59085","9","35"
"2014","Female","52","60338","4","37"
"2014","Female","53","63660.5","2","45"
"2014","Female","54","65491","7","41"
"2014","Female","55","67273","14","87"
"2014","Female","56","69702.5","21","110"
"2014","Female","57","75452.5","13","101"
"2014","Female","58","83006.5","17","92"
"2014","Female","59","87405.5","20","87"
"2014","Female","60","85109","27","110"
"2014","Female","61","77114","15","134"
"2014","Female","62","73550.5","34","131"
"2014","Female","63","73974.5","32","120"
"2014","Female","64","72171","33","107"
"2014","Female","65","69678","37","106"
"2014","Female","66","67173.5","30","108"
"2014","Female","67","61262.5","33","107"
"2014","Female","68","56238.5","30","115"
"2014","Female","69","58823","39","98"
"2014","Female","70","59231","38","96"
"2014","Female","71","56850.5","44","85"
"2014","Female","72","54773.5","43","88"
"2014","Female","73","52586","48","98"
"2014","Female","74","50523","38","90"
"2014","Female","75","47510.5","36","71"
"2014","Female","76","45548.5","46","66"
"2014","Female","77","43112","50","67"
"2014","Female","78","40987.5","55","78"
"2014","Female","79","38885.5","50","72"
"2014","Female","80","36989.5","59","54"
"2014","Female","81","35201.5","53","51"
"2014","Female","82","32447","53","59"
"2014","Female","83","30200.5","58","51"
"2014","Female","84","27216","56","65"
"2014","Female","85","23755","28","39"
"2014","Female","86","20629.5","37","39"
"2014","Female","87","17964.5","38","37"
"2014","Female","88","15771","34","30"
"2014","Female","89","12670","43","22"
"2014","Female","90","39799","96","56"
"2015","Male","0","47367.5","0","0"
"2015","Male","1","46934","0","0"
"2015","Male","2","46614.5","0","0"
"2015","Male","3","46263.5","0","0"
"2015","Male","4","45835","0","0"
"2015","Male","5","48064","0","0"
"2015","Male","6","50492","0","0"
"2015","Male","7","50671","0","0"
"2015","Male","8","51132","0","0"
"2015","Male","9","51404","0","0"
"2015","Male","10","49720.5","0","0"
"2015","Male","11","48572","0","0"
"2015","Male","12","49027","0","0"
"2015","Male","13","49765","0","0"
"2015","Male","14","50168.5","0","0"
"2015","Male","15","49641","0","0"
"2015","Male","16","49462.5","0","0"
"2015","Male","17","51442","0","0"
"2015","Male","18","54882.5","0","0"
"2015","Male","19","58640.5","0","0"
"2015","Male","20","61019","0","0"
"2015","Male","21","62111","0","0"
"2015","Male","22","63545","0","0"
"2015","Male","23","65696.5","0","0"
"2015","Male","24","66030.5","0","0"
"2015","Male","25","64554.5","0","0"
"2015","Male","26","63407","1","0"
"2015","Male","27","62883.5","1","1"
"2015","Male","28","62673.5","1","0"
"2015","Male","29","62958.5","0","0"
"2015","Male","30","61718.5","0","2"
"2015","Male","31","60463.5","0","0"
"2015","Male","32","62726.5","0","1"
"2015","Male","33","66448.5","0","1"
"2015","Male","34","69941","1","1"
"2015","Male","35","74254","1","2"
"2015","Male","36","78657.5","1","3"
"2015","Male","37","82530.5","1","5"
"2015","Male","38","86496.5","2","1"
"2015","Male","39","90349","1","2"
"2015","Male","40","89993.5","3","8"
"2015","Male","41","80973.5","4","5"
"2015","Male","42","73644.5","3","9"
"2015","Male","43","72486","1","7"
"2015","Male","44","72292.5","2","8"
"2015","Male","45","72831.5","5","32"
"2015","Male","46","72662.5","5","26"
"2015","Male","47","70561.5","4","30"
"2015","Male","48","65718","4","29"
"2015","Male","49","61168","7","18"
"2015","Male","50","59170.5","9","58"
"2015","Male","51","57931.5","14","61"
"2015","Male","52","56083","12","55"
"2015","Male","53","56292","10","57"
"2015","Male","54","58605.5","5","59"
"2015","Male","55","59177.5","24","133"
"2015","Male","56","59779.5","27","136"
"2015","Male","57","61393.5","23","135"
"2015","Male","58","65338","28","158"
"2015","Male","59","70856.5","26","156"
"2015","Male","60","73928","54","234"
"2015","Male","61","70775.5","39","239"
"2015","Male","62","62714.5","40","211"
"2015","Male","63","58075.5","60","218"
"2015","Male","64","57615","58","208"
"2015","Male","65","55752","53","210"
"2015","Male","66","52621","64","210"
"2015","Male","67","49746","54","231"
"2015","Male","68","44723.5","53","196"
"2015","Male","69","39827","55","199"
"2015","Male","70","40408","60","195"
"2015","Male","71","39855","66","164"
"2015","Male","72","36973.5","71","183"
"2015","Male","73","34410.5","38","178"
"2015","Male","74","31472","69","178"
"2015","Male","75","28681.5","47","103"
"2015","Male","76","25706.5","58","135"
"2015","Male","77","23290.5","53","121"
"2015","Male","78","20791","67","109"
"2015","Male","79","19279.5","50","113"
"2015","Male","80","18069","48","83"
"2015","Male","81","16731.5","44","68"
"2015","Male","82","15142","44","71"
"2015","Male","83","13346.5","47","75"
"2015","Male","84","11898.5","54","58"
"2015","Male","85","10339.5","18","27"
"2015","Male","86","8414","23","29"
"2015","Male","87","6697.5","28","20"
"2015","Male","88","5468.5","30","20"
"2015","Male","89","4495","24","32"
"2015","Male","90","13378.5","40","39"
"2015","Female","0","44930.5",NA,"1"
"2015","Female","1","44538",NA,"0"
"2015","Female","2","43864.5",NA,"0"
"2015","Female","3","43538",NA,"0"
"2015","Female","4","43631",NA,"0"
"2015","Female","5","45817.5","0","0"
"2015","Female","6","48070","0","0"
"2015","Female","7","48296","0","0"
"2015","Female","8","48700","0","0"
"2015","Female","9","48579.5","0","0"
"2015","Female","10","46799","0","0"
"2015","Female","11","46000.5","0","0"
"2015","Female","12","46524.5","0","0"
"2015","Female","13","47136","0","0"
"2015","Female","14","47361.5","0","0"
"2015","Female","15","46866.5","0","0"
"2015","Female","16","46974.5","0","0"
"2015","Female","17","48567.5","0","0"
"2015","Female","18","51591.5","0","0"
"2015","Female","19","55576.5","0","0"
"2015","Female","20","58050.5","0","0"
"2015","Female","21","59228.5","0","0"
"2015","Female","22","60141","0","0"
"2015","Female","23","61766.5","0","0"
"2015","Female","24","62385.5","0","0"
"2015","Female","25","60874","0",NA
"2015","Female","26","59329","1",NA
"2015","Female","27","58915.5","0",NA
"2015","Female","28","59275","0",NA
"2015","Female","29","59912.5","0",NA
"2015","Female","30","59202.5","0",NA
"2015","Female","31","58849.5","1",NA
"2015","Female","32","60815.5","1",NA
"2015","Female","33","64816.5","1",NA
"2015","Female","34","68917","1",NA
"2015","Female","35","72981","0","1"
"2015","Female","36","77072.5","1","1"
"2015","Female","37","80650.5","2","2"
"2015","Female","38","84183.5","1","2"
"2015","Female","39","87749.5","2","1"
"2015","Female","40","87860","1","3"
"2015","Female","41","79354.5","2","4"
"2015","Female","42","72213","3","2"
"2015","Female","43","71107","5","1"
"2015","Female","44","71102","2","6"
"2015","Female","45","71727.5","8","18"
"2015","Female","46","72133.5","4","13"
"2015","Female","47","70854","8","17"
"2015","Female","48","66155","4","18"
"2015","Female","49","61907.5","4","18"
"2015","Female","50","60447","8","30"
"2015","Female","51","59823","14","49"
"2015","Female","52","58866","7","41"
"2015","Female","53","60080.5","8","41"
"2015","Female","54","63375.5","4","42"
"2015","Female","55","65158","17","81"
"2015","Female","56","66909","11","85"
"2015","Female","57","69273.5","15","95"
"2015","Female","58","75005.5","13","90"
"2015","Female","59","82431.5","17","73"
"2015","Female","60","86772.5","29","111"
"2015","Female","61","84382.5","30","129"
"2015","Female","62","76489","33","141"
"2015","Female","63","72857","25","140"
"2015","Female","64","73228","29","140"
"2015","Female","65","71384.5","29","128"
"2015","Female","66","68776","35","118"
"2015","Female","67","66274.5","30","110"
"2015","Female","68","60357","30","124"
"2015","Female","69","55319.5","33","97"
"2015","Female","70","57715.5","49","99"
"2015","Female","71","58030","46","109"
"2015","Female","72","55622","38","101"
"2015","Female","73","53460.5","46","113"
"2015","Female","74","51228","45","103"
"2015","Female","75","48995","46","74"
"2015","Female","76","45920","41","71"
"2015","Female","77","43848.5","47","69"
"2015","Female","78","41301","48","84"
"2015","Female","79","39023","40","89"
"2015","Female","80","36747","49","59"
"2015","Female","81","34667","54","66"
"2015","Female","82","32764.5","53","66"
"2015","Female","83","29851","55","53"
"2015","Female","84","27458.5","49","57"
"2015","Female","85","24463","40","25"
"2015","Female","86","21049.5","34","29"
"2015","Female","87","18001.5","34","40"
"2015","Female","88","15440","40","25"
"2015","Female","89","13367","32","26"
"2015","Female","90","41823.5","132","66"
"2016","Male","0","47912.5","0","0"
"2016","Male","1","47540.5","0","0"
"2016","Male","2","47051.5","0","0"
"2016","Male","3","46736.5","0","0"
"2016","Male","4","46345.5","0","0"
"2016","Male","5","45901.5","0","0"
"2016","Male","6","48123.5","0","0"
"2016","Male","7","50565","0","0"
"2016","Male","8","50722.5","0","0"
"2016","Male","9","51170.5","0","0"
"2016","Male","10","51445.5","0","0"
"2016","Male","11","49793.5","0","0"
"2016","Male","12","48634","0","0"
"2016","Male","13","49061","0","0"
"2016","Male","14","49827","0","0"
"2016","Male","15","50290","0","0"
"2016","Male","16","49743.5","0","0"
"2016","Male","17","49642.5","0","0"
"2016","Male","18","51816.5","0","0"
"2016","Male","19","55296.5","0","0"
"2016","Male","20","58972","0","0"
"2016","Male","21","61164","0","0"
"2016","Male","22","62121","0","0"
"2016","Male","23","63472.5","0","0"
"2016","Male","24","65546","0","0"
"2016","Male","25","65844","0","0"
"2016","Male","26","64401.5","0","0"
"2016","Male","27","63256.5","0","0"
"2016","Male","28","62759.5","0","0"
"2016","Male","29","62585","0","0"
"2016","Male","30","62929.5","0","2"
"2016","Male","31","61694","0","0"
"2016","Male","32","60487.5","1","1"
"2016","Male","33","62737.5","0","0"
"2016","Male","34","66419","0","0"
"2016","Male","35","69916","2","1"
"2016","Male","36","74266.5","4","1"
"2016","Male","37","78621","1","2"
"2016","Male","38","82399.5","2","2"
"2016","Male","39","86418.5","1","0"
"2016","Male","40","90211","1","9"
"2016","Male","41","89822.5","2","3"
"2016","Male","42","80857.5","3","9"
"2016","Male","43","73534.5","4","7"
"2016","Male","44","72339","3","0"
"2016","Male","45","72126.5","9","14"
"2016","Male","46","72584","9","22"
"2016","Male","47","72356.5","4","18"
"2016","Male","48","70230","4","19"
"2016","Male","49","65295.5","5","29"
"2016","Male","50","60764","6","55"
"2016","Male","51","58739","11","56"
"2016","Male","52","57391.5","13","61"
"2016","Male","53","55546","13","61"
"2016","Male","54","55685.5","7","65"
"2016","Male","55","57960.5","29","148"
"2016","Male","56","58363.5","32","132"
"2016","Male","57","58885.5","20","128"
"2016","Male","58","60368","29","153"
"2016","Male","59","64163.5","26","134"
"2016","Male","60","69481.5","50","224"
"2016","Male","61","72362.5","44","235"
"2016","Male","62","69258.5","61","227"
"2016","Male","63","61281.5","51","228"
"2016","Male","64","56570","64","256"
"2016","Male","65","55985","55","240"
"2016","Male","66","54116.5","65","229"
"2016","Male","67","50976","54","209"
"2016","Male","68","48202.5","49","218"
"2016","Male","69","43184","68","244"
"2016","Male","70","38355.5","75","194"
"2016","Male","71","38743.5","47","185"
"2016","Male","72","38160","41","197"
"2016","Male","73","35262.5","64","184"
"2016","Male","74","32674.5","59","186"
"2016","Male","75","29804.5","62","119"
"2016","Male","76","27010.5","55","124"
"2016","Male","77","24073","52","120"
"2016","Male","78","21659.5","75","129"
"2016","Male","79","19203","57","135"
"2016","Male","80","17612.5","54","54"
"2016","Male","81","16378","36","66"
"2016","Male","82","15058.5","42","74"
"2016","Male","83","13541.5","50","75"
"2016","Male","84","11735.5","41","64"
"2016","Male","85","10388","27","29"
"2016","Male","86","8904.5","33","33"
"2016","Male","87","7083","18","28"
"2016","Male","88","5582.5","23","37"
"2016","Male","89","4467","34","29"
"2016","Male","90","13935","48","38"
"2016","Female","0","45387","0","0"
"2016","Female","1","45093","0","0"
"2016","Female","2","44626.5","0","0"
"2016","Female","3","43990.5","0","0"
"2016","Female","4","43620","0","0"
"2016","Female","5","43691","0","0"
"2016","Female","6","45890.5","0","0"
"2016","Female","7","48113.5","0","0"
"2016","Female","8","48376.5","0","0"
"2016","Female","9","48747","0","0"
"2016","Female","10","48611","0","0"
"2016","Female","11","46874.5","0","0"
"2016","Female","12","46049.5","0","0"
"2016","Female","13","46574","0","0"
"2016","Female","14","47181.5","0","0"
"2016","Female","15","47472","0","0"
"2016","Female","16","46973.5","0","0"
"2016","Female","17","47118","0","0"
"2016","Female","18","48830","0","0"
"2016","Female","19","51948.5","0","0"
"2016","Female","20","55811",NA,"0"
"2016","Female","21","58142",NA,"0"
"2016","Female","22","59133.5",NA,"0"
"2016","Female","23","59922.5",NA,"0"
"2016","Female","24","61514",NA,"1"
"2016","Female","25","62083","0",NA
"2016","Female","26","60549","1",NA
"2016","Female","27","59082","0",NA
"2016","Female","28","58715.5","0",NA
"2016","Female","29","59117.5","0",NA
"2016","Female","30","59796","1","0"
"2016","Female","31","59097","0","0"
"2016","Female","32","58789.5","1","1"
"2016","Female","33","60809","1","0"
"2016","Female","34","64746","1","0"
"2016","Female","35","68922","0","4"
"2016","Female","36","72912.5","1","0"
"2016","Female","37","76993","0","1"
"2016","Female","38","80604","0","0"
"2016","Female","39","84098","0","1"
"2016","Female","40","87648","2","6"
"2016","Female","41","87722.5","2","6"
"2016","Female","42","79259.5","2","7"
"2016","Female","43","72121","0","1"
"2016","Female","44","71028","7","8"
"2016","Female","45","70986","3","12"
"2016","Female","46","71592.5","4","17"
"2016","Female","47","71960.5","2","11"
"2016","Female","48","70672","4","16"
"2016","Female","49","65974","4","7"
"2016","Female","50","61697","11","34"
"2016","Female","51","60206.5","10","32"
"2016","Female","52","59590","7","48"
"2016","Female","53","58630.5","3","24"
"2016","Female","54","59797","1","29"
"2016","Female","55","63082.5","17","77"
"2016","Female","56","64824.5","15","75"
"2016","Female","57","66485","16","88"
"2016","Female","58","68812","12","68"
"2016","Female","59","74432.5","18","75"
"2016","Female","60","81795.5","37","138"
"2016","Female","61","85999.5","33","127"
"2016","Female","62","83633.5","22","141"
"2016","Female","63","75765","26","121"
"2016","Female","64","72092","35","109"
"2016","Female","65","72408","26","121"
"2016","Female","66","70482.5","37","125"
"2016","Female","67","67792.5","41","126"
"2016","Female","68","65265.5","35","119"
"2016","Female","69","59343.5","35","133"
"2016","Female","70","54313.5","44","115"
"2016","Female","71","56576.5","44","102"
"2016","Female","72","56770","43","117"
"2016","Female","73","54254.5","51","97"
"2016","Female","74","52076","41","104"
"2016","Female","75","49699","51","75"
"2016","Female","76","47358","33","82"
"2016","Female","77","44208.5","47","80"
"2016","Female","78","42013","54","91"
"2016","Female","79","39323","58","64"
"2016","Female","80","36898","49","56"
"2016","Female","81","34445.5","55","57"
"2016","Female","82","32249","51","53"
"2016","Female","83","30161.5","44","61"
"2016","Female","84","27195.5","49","65"
"2016","Female","85","24702","27","28"
"2016","Female","86","21699","31","33"
"2016","Female","87","18381.5","39","29"
"2016","Female","88","15548.5","46","30"
"2016","Female","89","13081","45","24"
"2016","Female","90","44060.5","106","69"
"2017","Male","0","48486","0","0"
"2017","Male","1","48072","0","0"
"2017","Male","2","47618.5","0","0"
"2017","Male","3","47141","0","0"
"2017","Male","4","46803.5","0","0"
"2017","Male","5","46412.5","0","0"
"2017","Male","6","45954.5","0","0"
"2017","Male","7","48131.5","0","0"
"2017","Male","8","50573","0","0"
"2017","Male","9","50726.5","0","0"
"2017","Male","10","51189.5","0","0"
"2017","Male","11","51485","0","0"
"2017","Male","12","49829.5","0","0"
"2017","Male","13","48646","0","0"
"2017","Male","14","49105","0","0"
"2017","Male","15","49918","0","0"
"2017","Male","16","50377","0","0"
"2017","Male","17","49898.5","0","0"
"2017","Male","18","50086.5","0","0"
"2017","Male","19","52342","0","0"
"2017","Male","20","55753","0","0"
"2017","Male","21","59242","0","0"
"2017","Male","22","61349","0","0"
"2017","Male","23","62269","0","0"
"2017","Male","24","63538.5","0","0"
"2017","Male","25","65543.5",NA,"0"
"2017","Male","26","65812.5",NA,"0"
"2017","Male","27","64382",NA,"0"
"2017","Male","28","63232",NA,"1"
"2017","Male","29","62772",NA,"0"
"2017","Male","30","62660.5","0","1"
"2017","Male","31","63043.5","0","0"
"2017","Male","32","61788","2","2"
"2017","Male","33","60567","1","1"
"2017","Male","34","62856.5","2","0"
"2017","Male","35","66551","1","0"
"2017","Male","36","70023","2","3"
"2017","Male","37","74321.5","3","5"
"2017","Male","38","78620.5","2","1"
"2017","Male","39","82371.5","2","2"
"2017","Male","40","86338.5","3","7"
"2017","Male","41","90135","5","4"
"2017","Male","42","89705","6","9"
"2017","Male","43","80730.5","4","5"
"2017","Male","44","73396.5","5","8"
"2017","Male","45","72161","7","17"
"2017","Male","46","71889","5","17"
"2017","Male","47","72301","8","21"
"2017","Male","48","72003","5","24"
"2017","Male","49","69792.5","4","22"
"2017","Male","50","64896.5","11","52"
"2017","Male","51","60332.5","9","48"
"2017","Male","52","58224","12","55"
"2017","Male","53","56846.5","11","48"
"2017","Male","54","54962.5","11","34"
"2017","Male","55","55075","15","101"
"2017","Male","56","57184","22","115"
"2017","Male","57","57520","21","117"
"2017","Male","58","57919.5","23","131"
"2017","Male","59","59278","19","129"
"2017","Male","60","62897.5","47","229"
"2017","Male","61","68010.5","40","232"
"2017","Male","62","70766","44","201"
"2017","Male","63","67598","53","230"
"2017","Male","64","59617.5","39","228"
"2017","Male","65","54911","43","246"
"2017","Male","66","54309.5","54","232"
"2017","Male","67","52374.5","56","253"
"2017","Male","68","49269","62","224"
"2017","Male","69","46453.5","78","233"
"2017","Male","70","41526.5","60","191"
"2017","Male","71","36758.5","60","156"
"2017","Male","72","37036.5","67","187"
"2017","Male","73","36349","59","182"
"2017","Male","74","33490.5","73","198"
"2017","Male","75","30891","65","119"
"2017","Male","76","28067","66","146"
"2017","Male","77","25276.5","57","117"
"2017","Male","78","22372","68","127"
"2017","Male","79","20006","54","129"
"2017","Male","80","17595","40","74"
"2017","Male","81","16000","43","86"
"2017","Male","82","14737.5","40","92"
"2017","Male","83","13417.5","46","60"
"2017","Male","84","11903","43","62"
"2017","Male","85","10241.5","31","31"
"2017","Male","86","8949","19","21"
"2017","Male","87","7551.5","29","31"
"2017","Male","88","5914","28","30"
"2017","Male","89","4538","32","24"
"2017","Male","90","14436","50","42"
"2017","Female","0","45986","0","0"
"2017","Female","1","45508.5","0","0"
"2017","Female","2","45189.5","0","0"
"2017","Female","3","44701.5","0","0"
"2017","Female","4","44041","0","0"
"2017","Female","5","43648","0","0"
"2017","Female","6","43734","0","0"
"2017","Female","7","45897.5","0","0"
"2017","Female","8","48132","0","0"
"2017","Female","9","48377.5","0","0"
"2017","Female","10","48766","0","0"
"2017","Female","11","48655","0","0"
"2017","Female","12","46903","0","0"
"2017","Female","13","46085","0","0"
"2017","Female","14","46592","0","0"
"2017","Female","15","47266.5","0","0"
"2017","Female","16","47550","0","0"
"2017","Female","17","47099.5","0","0"
"2017","Female","18","47414","0","0"
"2017","Female","19","49252.5","0","0"
"2017","Female","20","52323","0",NA
"2017","Female","21","56007","0",NA
"2017","Female","22","58238.5","0",NA
"2017","Female","23","59098.5","0",NA
"2017","Female","24","59852.5","1",NA
"2017","Female","25","61332.5","0","0"
"2017","Female","26","61904.5","0","0"
"2017","Female","27","60422","0","1"
"2017","Female","28","58969","1","0"
"2017","Female","29","58680","0","0"
"2017","Female","30","59100.5","0","1"
"2017","Female","31","59756","2","0"
"2017","Female","32","59120.5","1","0"
"2017","Female","33","58829","1","0"
"2017","Female","34","60838.5","0","0"
"2017","Female","35","64806","0","0"
"2017","Female","36","68891.5","0","1"
"2017","Female","37","72858.5","0","1"
"2017","Female","38","76933.5","2","1"
"2017","Female","39","80540","3","3"
"2017","Female","40","84024.5","1","2"
"2017","Female","41","87537","4","5"
"2017","Female","42","87592","1","4"
"2017","Female","43","79146.5","2","8"
"2017","Female","44","71969.5","6","4"
"2017","Female","45","70920","2","20"
"2017","Female","46","70840.5","1","11"
"2017","Female","47","71456.5","4","14"
"2017","Female","48","71790.5","5","18"
"2017","Female","49","70475","5","22"
"2017","Female","50","65763.5","7","34"
"2017","Female","51","61499","10","30"
"2017","Female","52","60014","5","36"
"2017","Female","53","59355","7","30"
"2017","Female","54","58367","5","33"
"2017","Female","55","59511.5","10","62"
"2017","Female","56","62740.5","12","78"
"2017","Female","57","64424.5","17","77"
"2017","Female","58","66035","9","68"
"2017","Female","59","68287","12","86"
"2017","Female","60","73829.5","23","135"
"2017","Female","61","81096.5","32","126"
"2017","Female","62","85178.5","30","143"
"2017","Female","63","82766","22","120"
"2017","Female","64","74878","33","137"
"2017","Female","65","71210.5","45","119"
"2017","Female","66","71430.5","33","129"
"2017","Female","67","69416","45","125"
"2017","Female","68","66745.5","49","131"
"2017","Female","69","64103","33","154"
"2017","Female","70","58205","41","88"
"2017","Female","71","53248","55","121"
"2017","Female","72","55313","56","104"
"2017","Female","73","55367.5","37","113"
"2017","Female","74","52828.5","34","107"
"2017","Female","75","50567","45","86"
"2017","Female","76","47992.5","45","84"
"2017","Female","77","45632.5","53","83"
"2017","Female","78","42338","50","83"
"2017","Female","79","39999","54","83"
"2017","Female","80","37153","39","69"
"2017","Female","81","34625.5","43","47"
"2017","Female","82","32022.5","46","71"
"2017","Female","83","29684","53","75"
"2017","Female","84","27570","46","56"
"2017","Female","85","24504.5","29","22"
"2017","Female","86","21955.5","43","32"
"2017","Female","87","18970","46","42"
"2017","Female","88","15877.5","48","27"
"2017","Female","89","13196.5","34","32"
"2017","Female","90","45766","124","52"
"2018","Male","0","47957","0","0"
"2018","Male","1","48593.5","0","0"
"2018","Male","2","48197.5","0","0"
"2018","Male","3","47739","0","0"
"2018","Male","4","47235.5","0","0"
"2018","Male","5","46911.5","0","0"
"2018","Male","6","46495.5","0","0"
"2018","Male","7","45998.5","0","0"
"2018","Male","8","48157.5","0","0"
"2018","Male","9","50597.5","0","0"
"2018","Male","10","50774.5","0","0"
"2018","Male","11","51222.5","0","0"
"2018","Male","12","51524","0","0"
"2018","Male","13","49872","0","0"
"2018","Male","14","48696.5","0","0"
"2018","Male","15","49204.5","0","1"
"2018","Male","16","50006.5","0","0"
"2018","Male","17","50524","0","0"
"2018","Male","18","50464","1","0"
"2018","Male","19","50830","0","0"
"2018","Male","20","53054.5","0",NA
"2018","Male","21","56298","0",NA
"2018","Male","22","59733.5","1",NA
"2018","Male","23","61880.5","0",NA
"2018","Male","24","62662","0",NA
"2018","Male","25","64005.5","1","0"
"2018","Male","26","65917.5","0","0"
"2018","Male","27","66174","1","1"
"2018","Male","28","64702.5","0","0"
"2018","Male","29","63521.5","1","0"
"2018","Male","30","63127","0","0"
"2018","Male","31","63108.5","0","1"
"2018","Male","32","63442","0","2"
"2018","Male","33","62177","1","1"
"2018","Male","34","60949","0","1"
"2018","Male","35","63300","3","3"
"2018","Male","36","66947.5","0","2"
"2018","Male","37","70412","1","1"
"2018","Male","38","74623","1","3"
"2018","Male","39","78914.5","1","0"
"2018","Male","40","82632.5","4","2"
"2018","Male","41","86548.5","3","6"
"2018","Male","42","90276.5","3","7"
"2018","Male","43","89778","2","6"
"2018","Male","44","80820.5","3","10"
"2018","Male","45","73401","4","18"
"2018","Male","46","72144.5","4","21"
"2018","Male","47","71805","6","22"
"2018","Male","48","72182.5","7","16"
"2018","Male","49","71763","4","14"
"2018","Male","50","69501","12","52"
"2018","Male","51","64569","11","55"
"2018","Male","52","59948.5","10","52"
"2018","Male","53","57818.5","10","61"
"2018","Male","54","56317.5","10","52"
"2018","Male","55","54407.5","18","105"
"2018","Male","56","54405","22","112"
"2018","Male","57","56402.5","20","106"
"2018","Male","58","56668.5","23","116"
"2018","Male","59","56905.5","20","101"
"2018","Male","60","58147","38","231"
"2018","Male","61","61565","45","222"
"2018","Male","62","66483","39","216"
"2018","Male","63","69037","49","215"
"2018","Male","64","65751.5","49","237"
"2018","Male","65","57837.5","54","221"
"2018","Male","66","53265.5","64","245"
"2018","Male","67","52555.5","55","233"
"2018","Male","68","50532","68","235"
"2018","Male","69","47426","69","202"
"2018","Male","70","44652","49","221"
"2018","Male","71","39825.5","64","170"
"2018","Male","72","35083","46","186"
"2018","Male","73","35259","70","188"
"2018","Male","74","34506","67","198"
"2018","Male","75","31624.5","61","115"
"2018","Male","76","29041.5","54","116"
"2018","Male","77","26248","52","129"
"2018","Male","78","23470","57","138"
"2018","Male","79","20648","60","134"
"2018","Male","80","18339","44","72"
"2018","Male","81","16013","42","65"
"2018","Male","82","14383","53","68"
"2018","Male","83","13108.5","56","74"
"2018","Male","84","11832.5","51","70"
"2018","Male","85","10365","26","32"
"2018","Male","86","8831.5","25","30"
"2018","Male","87","7632.5","26","29"
"2018","Male","88","6291","27","29"
"2018","Male","89","4805","25","32"
"2018","Male","90","14906","47","38"
"2018","Female","0","45471.5","0","0"
"2018","Female","1","46081.5","0","0"
"2018","Female","2","45640.5","0","0"
"2018","Female","3","45285","0","0"
"2018","Female","4","44779.5","0","0"
"2018","Female","5","44109.5","0","0"
"2018","Female","6","43691","0","0"
"2018","Female","7","43797","0","0"
"2018","Female","8","45911","0","0"
"2018","Female","9","48156.5","0","0"
"2018","Female","10","48385","0","0"
"2018","Female","11","48807.5","0","0"
"2018","Female","12","48691.5","0","0"
"2018","Female","13","46933.5","0","0"
"2018","Female","14","46114.5","0","0"
"2018","Female","15","46693","0","0"
"2018","Female","16","47350.5","0","0"
"2018","Female","17","47676.5","0","0"
"2018","Female","18","47458","0","0"
"2018","Female","19","47990","0","0"
"2018","Female","20","49849.5","0",NA
"2018","Female","21","52695","0",NA
"2018","Female","22","56300.5","0",NA
"2018","Female","23","58478.5","0",NA
"2018","Female","24","59290.5","1",NA
"2018","Female","25","59993.5","0","0"
"2018","Female","26","61446.5","1","1"
"2018","Female","27","62021.5","0","0"
"2018","Female","28","60547.5","0","0"
"2018","Female","29","59115.5","0","0"
"2018","Female","30","58791","0","0"
"2018","Female","31","59291","0","0"
"2018","Female","32","59976","1","0"
"2018","Female","33","59352","0","0"
"2018","Female","34","59050.5","0","1"
"2018","Female","35","61037","2","2"
"2018","Female","36","64977.5","0","2"
"2018","Female","37","69030.5","2","0"
"2018","Female","38","72999.5","4","1"
"2018","Female","39","77014.5","3","1"
"2018","Female","40","80613","1","1"
"2018","Female","41","84134","3","1"
"2018","Female","42","87587.5","3","6"
"2018","Female","43","87624.5","3","3"
"2018","Female","44","79131","2","4"
"2018","Female","45","71983","7","11"
"2018","Female","46","70899","4","16"
"2018","Female","47","70784","5","9"
"2018","Female","48","71401","6","10"
"2018","Female","49","71707","8","16"
"2018","Female","50","70342","7","20"
"2018","Female","51","65655","6","35"
"2018","Female","52","61369.5","11","28"
"2018","Female","53","59872","7","30"
"2018","Female","54","59161","8","36"
"2018","Female","55","58153","14","75"
"2018","Female","56","59236.5","12","56"
"2018","Female","57","62420","14","74"
"2018","Female","58","64058.5","10","64"
"2018","Female","59","65555.5","9","55"
"2018","Female","60","67778","26","145"
"2018","Female","61","73194.5","28","145"
"2018","Female","62","80321","24","137"
"2018","Female","63","84279","25","110"
"2018","Female","64","81830.5","32","123"
"2018","Female","65","73920.5","40","138"
"2018","Female","66","70234.5","36","128"
"2018","Female","67","70355","33","156"
"2018","Female","68","68294","31","126"
"2018","Female","69","65537","33","127"
"2018","Female","70","62899","34","98"
"2018","Female","71","57046","47","106"
"2018","Female","72","52070","35","125"
"2018","Female","73","53946","33","105"
"2018","Female","74","53841.5","42","122"
"2018","Female","75","51328","49","65"
"2018","Female","76","48826.5","40","76"
"2018","Female","77","46205.5","65","88"
"2018","Female","78","43679","58","89"
"2018","Female","79","40323.5","41","96"
"2018","Female","80","37788","49","52"
"2018","Female","81","34856","52","45"
"2018","Female","82","32245.5","63","56"
"2018","Female","83","29420","53","65"
"2018","Female","84","27080","56","68"
"2018","Female","85","24784.5","40","37"
"2018","Female","86","21740","42","35"
"2018","Female","87","19178.5","39","30"
"2018","Female","88","16335","45","39"
"2018","Female","89","13421.5","37","26"
"2018","Female","90","47126","96","58"
"2019","Male","0","47665.5","0","0"
"2019","Male","1","48011","0","0"
"2019","Male","2","48741","0","0"
"2019","Male","3","48324.5","0","0"
"2019","Male","4","47816.5","0","0"
"2019","Male","5","47313","0","0"
"2019","Male","6","46983.5","0","0"
"2019","Male","7","46563.5","0","0"
"2019","Male","8","46035.5","0","0"
"2019","Male","9","48182","0","0"
"2019","Male","10","50649.5","0","0"
"2019","Male","11","50838","0","0"
"2019","Male","12","51274.5","0","0"
"2019","Male","13","51586.5","0","0"
"2019","Male","14","49917.5","0","0"
"2019","Male","15","48818","0","0"
"2019","Male","16","49291","0","0"
"2019","Male","17","50130.5","0","0"
"2019","Male","18","51148.5","0","0"
"2019","Male","19","51273","0","0"
"2019","Male","20","51541","0","0"
"2019","Male","21","53506","0","0"
"2019","Male","22","56798","0","0"
"2019","Male","23","60251.5","0","0"
"2019","Male","24","62317","0","0"
"2019","Male","25","63201",NA,"0"
"2019","Male","26","64495",NA,"0"
"2019","Male","27","66353",NA,"0"
"2019","Male","28","66627",NA,"0"
"2019","Male","29","65094.5",NA,"1"
"2019","Male","30","63943.5","0","0"
"2019","Male","31","63654.5","2","1"
"2019","Male","32","63595","0","0"
"2019","Male","33","63964","0","0"
"2019","Male","34","62695.5","2","0"
"2019","Male","35","61502.5","0","2"
"2019","Male","36","63810.5","3","1"
"2019","Male","37","67426.5","2","3"
"2019","Male","38","70805.5","0","1"
"2019","Male","39","75030.5","3","0"
"2019","Male","40","79342.5","3","8"
"2019","Male","41","82945","6","3"
"2019","Male","42","86789.5","2","8"
"2019","Male","43","90458","2","4"
"2019","Male","44","89924.5","5","6"
"2019","Male","45","80956","6","19"
"2019","Male","46","73497.5","3","16"
"2019","Male","47","72182.5","7","15"
"2019","Male","48","71784","3","16"
"2019","Male","49","72056.5","2","17"
"2019","Male","50","71527","6","45"
"2019","Male","51","69255","23","47"
"2019","Male","52","64227.5","11","43"
"2019","Male","53","59612.5","8","46"
"2019","Male","54","57362","20","43"
"2019","Male","55","55789.5","26","84"
"2019","Male","56","53791.5","22","86"
"2019","Male","57","53699.5","14","100"
"2019","Male","58","55654.5","20","104"
"2019","Male","59","55742","29","108"
"2019","Male","60","55930","50","212"
"2019","Male","61","56998.5","56","201"
"2019","Male","62","60215","42","188"
"2019","Male","63","64921.5","48","187"
"2019","Male","64","67234.5","40","149"
"2019","Male","65","63849","56","248"
"2019","Male","66","56140.5","63","239"
"2019","Male","67","51613","63","227"
"2019","Male","68","50746.5","60","228"
"2019","Male","69","48688","55","219"
"2019","Male","70","45625","59","167"
"2019","Male","71","42854.5","63","176"
"2019","Male","72","38130.5","54","191"
"2019","Male","73","33470","74","172"
"2019","Male","74","33532","57","173"
"2019","Male","75","32650.5","59","130"
"2019","Male","76","29788","65","112"
"2019","Male","77","27256","46","134"
"2019","Male","78","24468","59","133"
"2019","Male","79","21725.5","64","132"
"2019","Male","80","18981","46","79"
"2019","Male","81","16749","40","79"
"2019","Male","82","14434.5","37","77"
"2019","Male","83","12900.5","42","64"
"2019","Male","84","11664","43","75"
"2019","Male","85","10324","30","33"
"2019","Male","86","8941","35","31"
"2019","Male","87","7554.5","27","25"
"2019","Male","88","6385.5","21","23"
"2019","Male","89","5160.5","29","29"
"2019","Male","90","15602.5","53","36"
"2019","Female","0","44980.5","0","0"
"2019","Female","1","45545","0","0"
"2019","Female","2","46214","0","0"
"2019","Female","3","45744","0","0"
"2019","Female","4","45379","0","0"
"2019","Female","5","44878.5","0","0"
"2019","Female","6","44155","0","0"
"2019","Female","7","43763.5","0","0"
"2019","Female","8","43847","0","0"
"2019","Female","9","45949","0","0"
"2019","Female","10","48192.5","0","0"
"2019","Female","11","48442","0","0"
"2019","Female","12","48841.5","0","0"
"2019","Female","13","48718","0","0"
"2019","Female","14","46986","0","0"
"2019","Female","15","46231.5","0","0"
"2019","Female","16","46773.5","0","0"
"2019","Female","17","47468","0","0"
"2019","Female","18","48069","0","0"
"2019","Female","19","48156","0","0"
"2019","Female","20","48612.5","0","0"
"2019","Female","21","50189.5","0","0"
"2019","Female","22","52916","0","0"
"2019","Female","23","56606","0","0"
"2019","Female","24","58735","0","0"
"2019","Female","25","59533","0","1"
"2019","Female","26","60190.5","0","0"
"2019","Female","27","61626","1","0"
"2019","Female","28","62245","0","0"
"2019","Female","29","60757.5","0","0"
"2019","Female","30","59314.5","0","0"
"2019","Female","31","59093.5","1","0"
"2019","Female","32","59588.5","0","0"
"2019","Female","33","60312.5","0","0"
"2019","Female","34","59664","0","1"
"2019","Female","35","59313","2","2"
"2019","Female","36","61314","0","2"
"2019","Female","37","65204","4","0"
"2019","Female","38","69284.5","2","0"
"2019","Female","39","73213.5","3","0"
"2019","Female","40","77177","3","5"
"2019","Female","41","80777","3","2"
"2019","Female","42","84276","4","3"
"2019","Female","43","87728","4","5"
"2019","Female","44","87754","0","2"
"2019","Female","45","79183","6","10"
"2019","Female","46","72049.5","4","8"
"2019","Female","47","70882","6","7"
"2019","Female","48","70818.5","7","13"
"2019","Female","49","71378.5","3","10"
"2019","Female","50","71635.5","1","33"
"2019","Female","51","70283.5","10","23"
"2019","Female","52","65569","6","32"
"2019","Female","53","61238.5","7","35"
"2019","Female","54","59705.5","10","29"
"2019","Female","55","59002.5","9","67"
"2019","Female","56","57929.5","15","64"
"2019","Female","57","58977.5","12","70"
"2019","Female","58","62102","14","56"
"2019","Female","59","63634","11","57"
"2019","Female","60","65095.5","22","115"
"2019","Female","61","67243","10","114"
"2019","Female","62","72565","23","103"
"2019","Female","63","79519.5","16","108"
"2019","Female","64","83402.5","19","120"
"2019","Female","65","80838.5","36","154"
"2019","Female","66","72992","48","148"
"2019","Female","67","69218.5","23","142"
"2019","Female","68","69268.5","43","152"
"2019","Female","69","67153.5","34","155"
"2019","Female","70","64371.5","45","122"
"2019","Female","71","61671.5","54","108"
"2019","Female","72","55834.5","38","105"
"2019","Female","73","50838","49","134"
"2019","Female","74","52507.5","39","114"
"2019","Female","75","52328.5","52","95"
"2019","Female","76","49667.5","58","97"
"2019","Female","77","47062.5","57","90"
"2019","Female","78","44273.5","50","108"
"2019","Female","79","41622","44","105"
"2019","Female","80","38208","53","56"
"2019","Female","81","35471.5","45","62"
"2019","Female","82","32516","54","55"
"2019","Female","83","29751.5","48","61"
"2019","Female","84","26838.5","52","56"
"2019","Female","85","24377.5","39","37"
"2019","Female","86","22010.5","31","43"
"2019","Female","87","19041.5","44","21"
"2019","Female","88","16572","32","30"
"2019","Female","89","13842.5","39","41"
"2019","Female","90","48585","101","61"
"2020","Male","0","47845.5","0","0"
"2020","Male","1","47783.5","0","0"
"2020","Male","2","48165.5","0","0"
"2020","Male","3","48872.5","0","0"
"2020","Male","4","48399.5","0","0"
"2020","Male","5","47846.5","0","0"
"2020","Male","6","47345","0","0"
"2020","Male","7","47021","0","0"
"2020","Male","8","46600.5","0","0"
"2020","Male","9","46052.5","0","0"
"2020","Male","10","48207.5","0","0"
"2020","Male","11","50716","0","0"
"2020","Male","12","50883.5","0","0"
"2020","Male","13","51322","0","0"
"2020","Male","14","51642","0","0"
"2020","Male","15","50017","0","0"
"2020","Male","16","48895","0","0"
"2020","Male","17","49417","0","0"
"2020","Male","18","50692.5","0","0"
"2020","Male","19","51834","0","0"
"2020","Male","20","51754",NA,"1"
"2020","Male","21","51706",NA,"0"
"2020","Male","22","53658",NA,"0"
"2020","Male","23","56960.5",NA,"0"
"2020","Male","24","60356.5",NA,"0"
"2020","Male","25","62481",NA,"0"
"2020","Male","26","63310.5",NA,"0"
"2020","Male","27","64597",NA,"0"
"2020","Male","28","66476",NA,"1"
"2020","Male","29","66765",NA,"0"
"2020","Male","30","65194.5","1","1"
"2020","Male","31","64108","0","0"
"2020","Male","32","63850","1","0"
"2020","Male","33","63767.5","0","0"
"2020","Male","34","64188.5","2","0"
"2020","Male","35","63002.5","1","1"
"2020","Male","36","61704","2","1"
"2020","Male","37","63939","1","1"
"2020","Male","38","67570.5","2","1"
"2020","Male","39","70933","2","1"
"2020","Male","40","75200.5","5","4"
"2020","Male","41","79452","3","4"
"2020","Male","42","82969","3","7"
"2020","Male","43","86785","2","5"
"2020","Male","44","90469.5","2","2"
"2020","Male","45","89879","4","18"
"2020","Male","46","80842.5","6","19"
"2020","Male","47","73348","4","11"
"2020","Male","48","72010.5","2","16"
"2020","Male","49","71565.5","8","11"
"2020","Male","50","71761.5","17","33"
"2020","Male","51","71224","8","45"
"2020","Male","52","68797","14","36"
"2020","Male","53","63759","20","41"
"2020","Male","54","59116.5","8","51"
"2020","Male","55","56795.5","14","102"
"2020","Male","56","55127.5","23","78"
"2020","Male","57","53093.5","21","86"
"2020","Male","58","52955.5","22","83"
"2020","Male","59","54741","16","79"
"2020","Male","60","54741","40","161"
"2020","Male","61","54855","37","177"
"2020","Male","62","55734","40","182"
"2020","Male","63","58843.5","42","157"
"2020","Male","64","63196","35","159"
"2020","Male","65","65302","66","252"
"2020","Male","66","61895","54","236"
"2020","Male","67","54342.5","43","193"
"2020","Male","68","49788","68","207"
"2020","Male","69","48858","58","219"
"2020","Male","70","46800","59","174"
"2020","Male","71","43727","61","193"
"2020","Male","72","40937","82","183"
"2020","Male","73","36327.5","46","196"
"2020","Male","74","31830","64","186"
"2020","Male","75","31685","56","114"
"2020","Male","76","30661","61","151"
"2020","Male","77","27908.5","62","121"
"2020","Male","78","25368.5","67","124"
"2020","Male","79","22631.5","68","132"
"2020","Male","80","19916","37","68"
"2020","Male","81","17261","41","74"
"2020","Male","82","15122.5","34","82"
"2020","Male","83","12894","35","74"
"2020","Male","84","11387","48","59"
"2020","Male","85","10135","34","21"
"2020","Male","86","8782","29","25"
"2020","Male","87","7561","15","45"
"2020","Male","88","6289.5","30","38"
"2020","Male","89","5238","35","35"
"2020","Male","90","16502","49","40"
"2020","Female","0","45077","0","0"
"2020","Female","1","45119.5","0","0"
"2020","Female","2","45672.5","0","0"
"2020","Female","3","46304.5","0","0"
"2020","Female","4","45830","0","0"
"2020","Female","5","45455","0","0"
"2020","Female","6","44900","0","0"
"2020","Female","7","44186.5","0","0"
"2020","Female","8","43811.5","0","0"
"2020","Female","9","43867","0","0"
"2020","Female","10","46005","0","0"
"2020","Female","11","48238.5","0","0"
"2020","Female","12","48474.5","0","0"
"2020","Female","13","48873","0","0"
"2020","Female","14","48767","0","0"
"2020","Female","15","47088.5","0","0"
"2020","Female","16","46284","0","0"
"2020","Female","17","46880.5","0","0"
"2020","Female","18","47860.5","0","0"
"2020","Female","19","48738","0","0"
"2020","Female","20","48596.5","0",NA
"2020","Female","21","48777.5","0",NA
"2020","Female","22","50265","0",NA
"2020","Female","23","53096.5","1",NA
"2020","Female","24","56675","0",NA
"2020","Female","25","58840","0","0"
"2020","Female","26","59550","0","0"
"2020","Female","27","60253","0","0"
"2020","Female","28","61712.5","0","0"
"2020","Female","29","62330.5","0","0"
"2020","Female","30","60857","0","0"
"2020","Female","31","59500.5","0","0"
"2020","Female","32","59263.5","1","0"
"2020","Female","33","59758","0","0"
"2020","Female","34","60532","0","1"
"2020","Female","35","59840","5","3"
"2020","Female","36","59501","3","0"
"2020","Female","37","61457","0","0"
"2020","Female","38","65325","0","0"
"2020","Female","39","69424","0","0"
"2020","Female","40","73311.5","4","1"
"2020","Female","41","77243","1","3"
"2020","Female","42","80794","6","6"
"2020","Female","43","84335.5","2","3"
"2020","Female","44","87771.5","0","2"
"2020","Female","45","87732.5","3","14"
"2020","Female","46","79175.5","3","12"
"2020","Female","47","71986","3","6"
"2020","Female","48","70851","2","8"
"2020","Female","49","70703","6","6"
"2020","Female","50","71261.5","3","23"
"2020","Female","51","71521.5","4","27"
"2020","Female","52","70160.5","10","28"
"2020","Female","53","65380.5","10","31"
"2020","Female","54","61039.5","5","21"
"2020","Female","55","59494.5","10","59"
"2020","Female","56","58768.5","19","46"
"2020","Female","57","57655.5","13","46"
"2020","Female","58","58661","5","50"
"2020","Female","59","61710","12","55"
"2020","Female","60","63188","16","103"
"2020","Female","61","64630.5","29","107"
"2020","Female","62","66661.5","24","103"
"2020","Female","63","71851.5","26","111"
"2020","Female","64","78681","36","122"
"2020","Female","65","82395","37","149"
"2020","Female","66","79810.5","45","157"
"2020","Female","67","71880","30","168"
"2020","Female","68","68144.5","38","158"
"2020","Female","69","68116","40","164"
"2020","Female","70","65893","49","128"
"2020","Female","71","63046","44","126"
"2020","Female","72","60252","41","122"
"2020","Female","73","54444","51","129"
"2020","Female","74","49442","35","104"
"2020","Female","75","50925.5","51","77"
"2020","Female","76","50522","53","87"
"2020","Female","77","47832","53","81"
"2020","Female","78","45059.5","51","93"
"2020","Female","79","42103","62","102"
"2020","Female","80","39368","43","53"
"2020","Female","81","35801.5","50","45"
"2020","Female","82","33004.5","57","45"
"2020","Female","83","29933.5","43","63"
"2020","Female","84","27103.5","50","69"
"2020","Female","85","24036.5","37","28"
"2020","Female","86","21531.5","38","29"
"2020","Female","87","19183.5","33","32"
"2020","Female","88","16395.5","39","38"
"2020","Female","89","13997","40","43"
"2020","Female","90","50080.5","88","54"
"2021","Male","0","48121","0","0"
"2021","Male","1","48013","0","0"
"2021","Male","2","47915.5","0","0"
"2021","Male","3","48272","0","0"
"2021","Male","4","48949.5","0","0"
"2021","Male","5","48434.5","0","0"
"2021","Male","6","47867.5","0","0"
"2021","Male","7","47354","0","0"
"2021","Male","8","47048.5","0","0"
"2021","Male","9","46603","0","0"
"2021","Male","10","46046.5","0","0"
"2021","Male","11","48241","0","0"
"2021","Male","12","50738","0","0"
"2021","Male","13","50907","0","0"
"2021","Male","14","51368","0","0"
"2021","Male","15","51697","0","0"
"2021","Male","16","50073.5","0","0"
"2021","Male","17","49017","0","0"
"2021","Male","18","49926.5","0","0"
"2021","Male","19","51403","0","0"
"2021","Male","20","52258","0",NA
"2021","Male","21","51939.5","0",NA
"2021","Male","22","51734","0",NA
"2021","Male","23","53773.5","0",NA
"2021","Male","24","56985.5","1",NA
"2021","Male","25","60309.5","0","0"
"2021","Male","26","62373","1","0"
"2021","Male","27","63156.5","1","1"
"2021","Male","28","64556","1","0"
"2021","Male","29","66350","0","0"
"2021","Male","30","66629.5","0","2"
"2021","Male","31","65080.5","0","1"
"2021","Male","32","64075","0","0"
"2021","Male","33","63824","1","0"
"2021","Male","34","63731.5","0","1"
"2021","Male","35","64302","2","1"
"2021","Male","36","62980","0","1"
"2021","Male","37","61687","1","1"
"2021","Male","38","63962.5","1","0"
"2021","Male","39","67620.5","0","0"
"2021","Male","40","70948","4","4"
"2021","Male","41","75132","5","2"
"2021","Male","42","79334","4","3"
"2021","Male","43","82800.5","4","8"
"2021","Male","44","86660.5","4","3"
"2021","Male","45","90245.5","2","16"
"2021","Male","46","89566","6","12"
"2021","Male","47","80493.5","9","13"
"2021","Male","48","73062","10","11"
"2021","Male","49","71682.5","4","12"
"2021","Male","50","71234","13","34"
"2021","Male","51","71333.5","9","38"
"2021","Male","52","70654.5","13","39"
"2021","Male","53","68169","10","38"
"2021","Male","54","63106","9","39"
"2021","Male","55","58452.5","15","66"
"2021","Male","56","56050.5","14","69"
"2021","Male","57","54375.5","19","92"
"2021","Male","58","52220","23","78"
"2021","Male","59","52000.5","24","86"
"2021","Male","60","53631.5","38","157"
"2021","Male","61","53570.5","38","147"
"2021","Male","62","53465","43","159"
"2021","Male","63","54276.5","49","124"
"2021","Male","64","57126","38","149"
"2021","Male","65","61220.5","61","225"
"2021","Male","66","63037.5","80","234"
"2021","Male","67","59615","60","174"
"2021","Male","68","52217","69","220"
"2021","Male","69","47711","66","232"
"2021","Male","70","46710","81","180"
"2021","Male","71","44615","84","201"
"2021","Male","72","41497.5","79","208"
"2021","Male","73","38762.5","68","193"
"2021","Male","74","34287","73","179"
"2021","Male","75","29905","61","114"
"2021","Male","76","29571.5","68","138"
"2021","Male","77","28495.5","60","134"
"2021","Male","78","25807.5","42","115"
"2021","Male","79","23238","54","115"
"2021","Male","80","20575","47","69"
"2021","Male","81","17953.5","40","60"
"2021","Male","82","15455.5","42","79"
"2021","Male","83","13349.5","50","66"
"2021","Male","84","11218.5","46","74"
"2021","Male","85","9801","21","38"
"2021","Male","86","8529.5","25","25"
"2021","Male","87","7320","26","35"
"2021","Male","88","6214.5","16","31"
"2021","Male","89","5065","22","24"
"2021","Male","90","17248","52","28"
"2021","Female","0","45338","0","0"
"2021","Female","1","45266.5","0","0"
"2021","Female","2","45235.5","0","0"
"2021","Female","3","45783","0","0"
"2021","Female","4","46369.5","0","0"
"2021","Female","5","45871.5","0","0"
"2021","Female","6","45472","0","0"
"2021","Female","7","44931","0","0"
"2021","Female","8","44200","0","0"
"2021","Female","9","43822","0","0"
"2021","Female","10","43876.5","0","0"
"2021","Female","11","46021.5","0","0"
"2021","Female","12","48249.5","0","0"
"2021","Female","13","48484.5","0","0"
"2021","Female","14","48900.5","0","0"
"2021","Female","15","48841.5","0","0"
"2021","Female","16","47126.5","0","0"
"2021","Female","17","46395.5","0","0"
"2021","Female","18","47320","0","0"
"2021","Female","19","48533","0","0"
"2021","Female","20","49200.5","0","0"
"2021","Female","21","48864.5","0","0"
"2021","Female","22","48960","0","0"
"2021","Female","23","50408","0","0"
"2021","Female","24","53110.5","0","0"
"2021","Female","25","56665","0","0"
"2021","Female","26","58725.5","0","0"
"2021","Female","27","59528.5","0","1"
"2021","Female","28","60259","1","0"
"2021","Female","29","61668.5","0","0"
"2021","Female","30","62290","2","0"
"2021","Female","31","60893.5","0","0"
"2021","Female","32","59538.5","1","0"
"2021","Female","33","59307.5","0","1"
"2021","Female","34","59859.5","2","0"
"2021","Female","35","60673","0","0"
"2021","Female","36","59917","2","0"
"2021","Female","37","59604","1","3"
"2021","Female","38","61513.5","1","0"
"2021","Female","39","65400","1","0"
"2021","Female","40","69492.5","2","2"
"2021","Female","41","73332","4","1"
"2021","Female","42","77192.5","5","5"
"2021","Female","43","80799","5","4"
"2021","Female","44","84297","2","3"
"2021","Female","45","87716","10","6"
"2021","Female","46","87624.5","1","8"
"2021","Female","47","79072","9","11"
"2021","Female","48","71865.5","7","7"
"2021","Female","49","70730","6","2"
"2021","Female","50","70565","15","21"
"2021","Female","51","71094.5","6","23"
"2021","Female","52","71310","10","27"
"2021","Female","53","69954.5","10","28"
"2021","Female","54","65163","10","22"
"2021","Female","55","60798.5","15","52"
"2021","Female","56","59247.5","13","46"
"2021","Female","57","58461.5","12","40"
"2021","Female","58","57281.5","10","47"
"2021","Female","59","58261.5","12","53"
"2021","Female","60","61230.5","25","91"
"2021","Female","61","62643","25","96"
"2021","Female","62","63991.5","28","95"
"2021","Female","63","65910","18","112"
"2021","Female","64","71015","24","102"
"2021","Female","65","77605.5","45","155"
"2021","Female","66","81177","35","161"
"2021","Female","67","78447","39","150"
"2021","Female","68","70606","52","157"
"2021","Female","69","66875","41","147"
"2021","Female","70","66677","46","119"
"2021","Female","71","64361.5","41","143"
"2021","Female","72","61441.5","45","132"
"2021","Female","73","58558","46","136"
"2021","Female","74","52778.5","44","136"
"2021","Female","75","47756.5","51","84"
"2021","Female","76","49025","41","83"
"2021","Female","77","48405.5","49","64"
"2021","Female","78","45654","50","92"
"2021","Female","79","42643","49","100"
"2021","Female","80","39624.5","43","58"
"2021","Female","81","36780","53","51"
"2021","Female","82","33191","56","58"
"2021","Female","83","30166","57","62"
"2021","Female","84","27072.5","48","55"
"2021","Female","85","24140","34","27"
"2021","Female","86","21079","39","26"
"2021","Female","87","18624.5","37","34"
"2021","Female","88","16352.5","37","28"
"2021","Female","89","13762.5","36","33"
"2021","Female","90","51280","102","69"
"2022","Male","0","46988","0","0"
"2022","Male","1","48392","0","0"
"2022","Male","2","48227","0","0"
"2022","Male","3","48152.5","0","0"
"2022","Male","4","48493","0","0"
"2022","Male","5","49165","0","0"
"2022","Male","6","48632.5","0","0"
"2022","Male","7","47972","0","0"
"2022","Male","8","47441.5","0","0"
"2022","Male","9","47140.5","0","0"
"2022","Male","10","46690.5","0","0"
"2022","Male","11","46144.5","0","0"
"2022","Male","12","48318","0","0"
"2022","Male","13","50831","0","0"
"2022","Male","14","51006","0","0"
"2022","Male","15","51503.5","0","0"
"2022","Male","16","51821","0","0"
"2022","Male","17","50269","0","0"
"2022","Male","18","49633.5","0","0"
"2022","Male","19","50706.5","0","0"
"2022","Male","20","51890.5","0","0"
"2022","Male","21","52598.5","1","0"
"2022","Male","22","52143.5","0","0"
"2022","Male","23","52066.5","0","0"
"2022","Male","24","53952.5","0","1"
"2022","Male","25","57041","0","0"
"2022","Male","26","60361","0","0"
"2022","Male","27","62427.5","0","1"
"2022","Male","28","63239.5","0","0"
"2022","Male","29","64529","1","0"
"2022","Male","30","66388.5","4","0"
"2022","Male","31","66633","1","0"
"2022","Male","32","65200.5","1","1"
"2022","Male","33","64298.5","0","0"
"2022","Male","34","63992","0","0"
"2022","Male","35","63974.5","1","3"
"2022","Male","36","64431.5","0","2"
"2022","Male","37","63217.5","1","1"
"2022","Male","38","61843.5","1","1"
"2022","Male","39","64178","1","0"
"2022","Male","40","67732.5","4","4"
"2022","Male","41","70972.5","5","1"
"2022","Male","42","75165.5","1","4"
"2022","Male","43","79324.5","0","0"
"2022","Male","44","82726.5","5","8"
"2022","Male","45","86572.5","8","13"
"2022","Male","46","90036.5","9","14"
"2022","Male","47","89395","9","9"
"2022","Male","48","80283","11","15"
"2022","Male","49","72782.5","7","20"
"2022","Male","50","71403.5","13","33"
"2022","Male","51","70839","16","25"
"2022","Male","52","70888.5","17","36"
"2022","Male","53","70089","9","37"
"2022","Male","54","67531.5","13","43"
"2022","Male","55","62481.5","26","71"
"2022","Male","56","57749","22","79"
"2022","Male","57","55353.5","17","77"
"2022","Male","58","53570","24","66"
"2022","Male","59","51338.5","25","65"
"2022","Male","60","50990","32","138"
"2022","Male","61","52524","35","128"
"2022","Male","62","52280.5","30","131"
"2022","Male","63","52053","47","139"
"2022","Male","64","52819","34","140"
"2022","Male","65","55391.5","67","198"
"2022","Male","66","59158","73","185"
"2022","Male","67","60747.5","58","197"
"2022","Male","68","57327","56","239"
"2022","Male","69","50118.5","67","215"
"2022","Male","70","45617","68","187"
"2022","Male","71","44551.5","64","179"
"2022","Male","72","42426","67","194"
"2022","Male","73","39322","71","199"
"2022","Male","74","36579","72","198"
"2022","Male","75","32265","67","133"
"2022","Male","76","28017","65","122"
"2022","Male","77","27530","55","130"
"2022","Male","78","26396","54","116"
"2022","Male","79","23755.5","54","131"
"2022","Male","80","21224","33","84"
"2022","Male","81","18605.5","48","79"
"2022","Male","82","16090","49","64"
"2022","Male","83","13668","51","71"
"2022","Male","84","11692","51","63"
"2022","Male","85","9675.5","23","22"
"2022","Male","86","8301.5","20","27"
"2022","Male","87","7134.5","16","35"
"2022","Male","88","5999.5","27","25"
"2022","Male","89","5030","29","31"
"2022","Male","90","17814.5","51","38"
"2022","Female","0","44311.5","0","0"
"2022","Female","1","45604","0","0"
"2022","Female","2","45477.5","0","0"
"2022","Female","3","45471.5","0","0"
"2022","Female","4","45974.5","0","0"
"2022","Female","5","46570","0","0"
"2022","Female","6","46065.5","0","0"
"2022","Female","7","45567","0","0"
"2022","Female","8","45022","0","0"
"2022","Female","9","44294","0","0"
"2022","Female","10","43917","0","0"
"2022","Female","11","43970.5","0","0"
"2022","Female","12","46099.5","0","0"
"2022","Female","13","48324.5","0","0"
"2022","Female","14","48581","0","0"
"2022","Female","15","49037.5","0",NA
"2022","Female","16","48969.5","0",NA
"2022","Female","17","47316.5","0",NA
"2022","Female","18","46921","1",NA
"2022","Female","19","48138.5","0",NA
"2022","Female","20","49225","0","0"
"2022","Female","21","49627","0","0"
"2022","Female","22","49193.5","0","0"
"2022","Female","23","49253.5","0","0"
"2022","Female","24","50559","0","0"
"2022","Female","25","53224","0","0"
"2022","Female","26","56714","1","1"
"2022","Female","27","58790","0","0"
"2022","Female","28","59653.5","0","0"
"2022","Female","29","60334","0","0"
"2022","Female","30","61779.5","0","0"
"2022","Female","31","62479.5","1","1"
"2022","Female","32","61107","0","0"
"2022","Female","33","59775","0","0"
"2022","Female","34","59571.5","0","0"
"2022","Female","35","60188","0","0"
"2022","Female","36","60916.5","0","2"
"2022","Female","37","60196.5","1","0"
"2022","Female","38","59843.5","1","0"
"2022","Female","39","61738.5","1","1"
"2022","Female","40","65627.5","3","4"
"2022","Female","41","69659","5","2"
"2022","Female","42","73410.5","3","6"
"2022","Female","43","77309.5","4","4"
"2022","Female","44","80886.5","2","3"
"2022","Female","45","84349.5","4","5"
"2022","Female","46","87690","6","13"
"2022","Female","47","87599.5","9","9"
"2022","Female","48","79022","9","8"
"2022","Female","49","71862","3","4"
"2022","Female","50","70653.5","5","18"
"2022","Female","51","70465","9","16"
"2022","Female","52","70941","10","23"
"2022","Female","53","71157","4","15"
"2022","Female","54","69795.5","4","24"
"2022","Female","55","64961.5","9","43"
"2022","Female","56","60623.5","12","50"
"2022","Female","57","58953.5","18","49"
"2022","Female","58","58163","9","34"
"2022","Female","59","56947.5","12","36"
"2022","Female","60","57845","31","98"
"2022","Female","61","60742","29","85"
"2022","Female","62","62087","23","87"
"2022","Female","63","63308","23","99"
"2022","Female","64","65178.5","23","80"
"2022","Female","65","70066.5","41","154"
"2022","Female","66","76507.5","35","159"
"2022","Female","67","79846.5","38","156"
"2022","Female","68","77090.5","41","182"
"2022","Female","69","69296","51","130"
"2022","Female","70","65437.5","49","140"
"2022","Female","71","65185.5","37","140"
"2022","Female","72","62781","37","144"
"2022","Female","73","59751.5","57","142"
"2022","Female","74","56832.5","50","135"
"2022","Female","75","51049.5","46","83"
"2022","Female","76","46069.5","55","105"
"2022","Female","77","46991","48","93"
"2022","Female","78","46255.5","51","92"
"2022","Female","79","43262","50","94"
"2022","Female","80","40174","44","57"
"2022","Female","81","37128","46","57"
"2022","Female","82","34173.5","51","62"
"2022","Female","83","30482.5","61","58"
"2022","Female","84","27329.5","53","54"
"2022","Female","85","24232.5","32","35"
"2022","Female","86","21266","49","34"
"2022","Female","87","18332.5","25","22"
"2022","Female","88","15863.5","27","28"
"2022","Female","89","13801.5","30","41"
"2022","Female","90","52222.5","95","74"
"2023","Male","0","45375.5","0","0"
"2023","Male","1","47538.5","0","0"
"2023","Male","2","48782","0","0"
"2023","Male","3","48021","0","0"
"2023","Male","4","47445.5","0","0"
"2023","Male","5","48138.5","0","0"
"2023","Male","6","48944.5","0","0"
"2023","Male","7","48746","0","0"
"2023","Male","8","48193.5","0","0"
"2023","Male","9","47007.5","0","0"
"2023","Male","10","46469.5","0","0"
"2023","Male","11","46202","0","0"
"2023","Male","12","45710.5","0","0"
"2023","Male","13","47587","0","0"
"2023","Male","14","49827.5","0","0"
"2023","Male","15","50171","0","0"
"2023","Male","16","50324","0","0"
"2023","Male","17","50474","0","0"
"2023","Male","18","50056","0","0"
"2023","Male","19","50326","0","0"
"2023","Male","20","51784.5","0",NA
"2023","Male","21","53150.5","1",NA
"2023","Male","22","53840","0",NA
"2023","Male","23","53280.5","0",NA
"2023","Male","24","52780.5","0",NA
"2023","Male","25","54183","0","0"
"2023","Male","26","56085.5","0","0"
"2023","Male","27","58493","0","0"
"2023","Male","28","60546.5","0","1"
"2023","Male","29","61306","1","0"
"2023","Male","30","62463.5","0","2"
"2023","Male","31","64527.5","0","0"
"2023","Male","32","65197.5","0","0"
"2023","Male","33","64552","1","1"
"2023","Male","34","64096.5","3","1"
"2023","Male","35","64137","0","2"
"2023","Male","36","64301.5","3","3"
"2023","Male","37","64806","1","3"
"2023","Male","38","63725","1","2"
"2023","Male","39","62597.5","1","1"
"2023","Male","40","64589.5","2","5"
"2023","Male","41","68014.5","4","4"
"2023","Male","42","71143","3","4"
"2023","Male","43","75082","6","2"
"2023","Male","44","79532","2","5"
"2023","Male","45","83431","7","8"
"2023","Male","46","87187","4","11"
"2023","Male","47","90532.5","2","14"
"2023","Male","48","90087","6","17"
"2023","Male","49","80961","7","19"
"2023","Male","50","73249","13","36"
"2023","Male","51","71729.5","12","33"
"2023","Male","52","70838.5","13","32"
"2023","Male","53","71061.5","13","26"
"2023","Male","54","70393","20","30"
"2023","Male","55","67793.5","11","77"
"2023","Male","56","62734","18","72"
"2023","Male","57","57793.5","21","57"
"2023","Male","58","55170.5","21","66"
"2023","Male","59","53322.5","23","73"
"2023","Male","60","51000","32","137"
"2023","Male","61","50582","36","122"
"2023","Male","62","51920","45","133"
"2023","Male","63","51426","31","133"
"2023","Male","64","51224.5","33","137"
"2023","Male","65","51799","58","221"
"2023","Male","66","54180.5","54","234"
"2023","Male","67","57703","74","233"
"2023","Male","68","59254.5","58","228"
"2023","Male","69","56081","61","227"
"2023","Male","70","48500.5","56","216"
"2023","Male","71","43683.5","64","202"
"2023","Male","72","42398","80","190"
"2023","Male","73","40184.5","66","197"
"2023","Male","74","37151.5","77","186"
"2023","Male","75","34383.5","66","132"
"2023","Male","76","30166","49","119"
"2023","Male","77","25943.5","62","130"
"2023","Male","78","25436","74","133"
"2023","Male","79","24441.5","85","146"
"2023","Male","80","21681","45","88"
"2023","Male","81","19064.5","39","74"
"2023","Male","82","16448.5","50","77"
"2023","Male","83","14001.5","62","71"
"2023","Male","84","11659.5","55","75"
"2023","Male","85","9816","23","36"
"2023","Male","86","8033","27","23"
"2023","Male","87","6717.5","25","36"
"2023","Male","88","5609.5","27","31"
"2023","Male","89","4640.5","18","22"
"2023","Male","90","13349.5","40","44"
"2023","Female","0","42928","0","0"
"2023","Female","1","44776.5","0","0"
"2023","Female","2","45927.5","0","0"
"2023","Female","3","45292","0","0"
"2023","Female","4","44819.5","0","0"
"2023","Female","5","45541.5","0","0"
"2023","Female","6","46256","0","0"
"2023","Female","7","46181.5","0","0"
"2023","Female","8","45809","0","0"
"2023","Female","9","44651.5","0","0"
"2023","Female","10","43827","0","0"
"2023","Female","11","43349","0","0"
"2023","Female","12","43380.5","0","0"
"2023","Female","13","45245","0","0"
"2023","Female","14","47143.5","0","0"
"2023","Female","15","47651","0","0"
"2023","Female","16","47899","0","0"
"2023","Female","17","47694","0","0"
"2023","Female","18","47248","0","0"
"2023","Female","19","48205.5","0","0"
"2023","Female","20","49830.5","0","0"
"2023","Female","21","50799","0","0"
"2023","Female","22","51143.5","0","0"
"2023","Female","23","50319","0","0"
"2023","Female","24","49797.5","0","0"
"2023","Female","25","50610","0",NA
"2023","Female","26","51983","0",NA
"2023","Female","27","54542.5","0",NA
"2023","Female","28","56462.5","0",NA
"2023","Female","29","57153","1",NA
"2023","Female","30","58008","0","1"
"2023","Female","31","59820.5","0","0"
"2023","Female","32","60806","0","0"
"2023","Female","33","59974.5","0","0"
"2023","Female","34","59301","1","0"
"2023","Female","35","59621","2","1"
"2023","Female","36","60476","1","0"
"2023","Female","37","61122","1","2"
"2023","Female","38","60235","0","0"
"2023","Female","39","59788.5","1","1"
"2023","Female","40","61423.5","1","2"
"2023","Female","41","64979","2","1"
"2023","Female","42","68668.5","5","2"
"2023","Female","43","72499","1","3"
"2023","Female","44","76652","1","3"
"2023","Female","45","80402","5","6"
"2023","Female","46","83922.5","4","13"
"2023","Female","47","87231","4","10"
"2023","Female","48","87275","9","8"
"2023","Female","49","78718.5","3","8"
"2023","Female","50","71328.5","13","17"
"2023","Female","51","70060","8","25"
"2023","Female","52","69767.5","13","27"
"2023","Female","53","70276","7","22"
"2023","Female","54","70550.5","5","21"
"2023","Female","55","69035.5","13","42"
"2023","Female","56","64299","12","46"
"2023","Female","57","59822.5","8","39"
"2023","Female","58","58109","23","50"
"2023","Female","59","57227","8","45"
"2023","Female","60","55946.5","20","69"
"2023","Female","61","56855.5","23","94"
"2023","Female","62","59444.5","10","83"
"2023","Female","63","60666","22","83"
"2023","Female","64","61928.5","15","83"
"2023","Female","65","63641","33","132"
"2023","Female","66","68318","41","157"
"2023","Female","67","74568","32","155"
"2023","Female","68","78097.5","30","139"
"2023","Female","69","75349","47","166"
"2023","Female","70","67353.5","38","156"
"2023","Female","71","63440","42","149"
"2023","Female","72","62857","47","168"
"2023","Female","73","60394","39","162"
"2023","Female","74","57554","40","131"
"2023","Female","75","54636","49","97"
"2023","Female","76","48889","49","109"
"2023","Female","77","43730","35","105"
"2023","Female","78","44786.5","41","119"
"2023","Female","79","43968","45","102"
"2023","Female","80","40744.5","57","63"
"2023","Female","81","37602","54","58"
"2023","Female","82","34307.5","51","72"
"2023","Female","83","31200.5","54","66"
"2023","Female","84","27517.5","53","76"
"2023","Female","85","24392.5","38","24"
"2023","Female","86","21320.5","37","32"
"2023","Female","87","18376","31","43"
"2023","Female","88","15494","41","31"
"2023","Female","89","13165.5","33","23"
"2023","Female","90","43458.5","78","68"
